-101,692
-392,-37
548,195
-817,-475
332,-479
-575,-953
-758,477
-666,879
463,648
471,-200
163,639
-403,698
-90,-980
-400,-789
-647,772
-932,117
938,-291
986,721
-156,813
-222,-36
637,248
-437,-62
386,-48
992,382
840,-591
-80,870
740,700
-796,28
-54,-372
-500,436
281,-44
-814,-106
117,-12
161,-667
-949,938
539,393
425,-869
229,-941
669,250
784,-489
492,-365
-479,854
173,-715
322,-23
-80,333
-162,338
220,156
-41,-472
-650,496
533,-366
632,972
-601,915
-797,34
208,66
-926,-991
-448,-957
573,38
-715,26
-724,509
231,-19
958,-521
-737,182
888,-9
-232,-787
-733,982
-684,199
-622,374
-388,564
697,-945
-983,-824
-94,612
803,236
379,-934
555,424
-31,731
301,-93
-222,-15
336,678
764,-98
501,-925
-529,699
-593,-585
-514,620
-361,-641
565,-140
-702,-461
404,-155
778,55
672,1
169,519
-538,199
-389,-799
71,801
338,-53
961,197
-536,190
571,-343
-819,988
823,-910
432,-319
15,-520
-572,-386
-764,874
668,14
20,699
967,-502
-185,-588
-615,30
879,190
-382,540
977,679
-318,767
729,802
339,-736
-530,-914
-715,388
-500,162
546,-832
839,-161
-856,-862
-655,-421
757,-444
966,935
-796,-442
480,-954
-310,285
441,194
-467,-262
-974,575
-84,972
50,691
-1000,-968
841,688
-877,793
-324,569
-186,527
456,-901
794,146
-138,275
76,-659
-569,269
-312,-772
-694,-370
-540,192
-579,938
591,949
420,409
614,973
-661,-571
-780,929
27,442
83,-365
22,793
-700,-552
469,699
-393,367
540,-763
-176,499
409,-863
728,323
-559,-627
580,-496
966,578
252,-655
162,603
503,-159
-448,-668
-603,-13
969,999
970,-57
77,685
-864,-819
399,476
-448,593
636,-51
-556,-617
-974,-593
-343,580
555,648
-344,468
970,-62
-754,337
-232,662
242,78
465,-377
317,-295
821,637
-166,-662
865,-129
-991,282
757,119
971,-191
689,157
-208,790
822,-606
-495,805
-258,-89
856,415
-537,-985
486,158
-468,-194
545,-841
766,-567
-11,591
-615,-707
146,-123
138,-24
-761,-402
511,-456
-765,319
845,192
441,54
-943,-213
-280,-720
958,580
912,-62
292,317
-228,771
-356,-598
-652,572
-794,-745
-278,860
557,-437
-307,-899
-889,-16
-814,-649
-737,-839
843,-582
-16,255
849,743
591,-158
-983,-736
484,849
999,522
-477,-954
688,412
293,-85
-611,46
694,-749
148,-971
498,-450
-895,-778
-289,-318
1,840
264,56
859,-631
803,590
-800,-190
103,-829
335,-835
27,7
790,-559
-400,-436
-859,-124
518,767
-601,-189
-303,531
9,350
-646,-44
840,-238
-908,-429
360,-45
726,346
-455,127
974,-986
-972,-889
424,-767
672,681
796,-341
349,622
-867,-139
-723,343
-484,-238
-506,-571
-102,-542
-574,107
280,-915
26,-430
-679,759
280,-476
260,-404
75,-529
-616,-578
-635,-792
117,714
-162,697
558,-311
-329,-306
46,555
-467,-666
239,697
209,-285
-250,-57
-49,315
51,516
-275,-484
-355,-86
622,226
704,505
993,980
767,-421
676,-959
-146,-629
-709,734
-982,147
410,969
462,-824
665,625
6,-56
-903,748
743,361
-16,-319
-216,621
224,-31
813,63
-254,711
-231,626
-220,218
49,-206
-128,999
20,-128
187,859
303,165
893,783
-61,-312
-159,531
630,-227
-556,138
-853,-985
728,261
585,-547
156,-183
-323,-345
-11,689
-25,-882
532,407
-248,470
611,309
-679,-116
-243,-110
-143,-986
273,508
-122,81
-824,-154
-1,542
-234,447
647,342
165,774
464,-638
836,-705
974,613
298,-19
-762,301
-530,-549
-586,-104
547,-934
527,-540
130,-592
-849,869
-154,796
640,751
802,570
43,215
238,541
-945,292
153,-537
-490,-942
-936,854
-509,-487
-345,419
488,-759
57,-289
-981,-572
489,941
-48,-416
598,468
-211,-571
-144,595
262,-150
481,833
-75,814
-158,537
-419,-929
-23,-441
424,-685
333,-434
-566,-399
-20,246
-724,-497
603,979
978,-376
-247,327
-920,-210
-545,75
335,-742
-275,-141
-613,104
-18,541
-677,-838
446,604
-594,-775
-653,-157
-974,550
-977,973
-71,64
573,-767
-390,-851
831,-132
601,693
339,417
146,-858
-446,-129
-396,410
-984,645
391,-627
-465,837
566,-13
-322,688
-376,687
-171,795
-373,-587
371,-35
434,359
-194,-439
68,-99
-234,-557
205,359
-83,-474
130,346
118,-608
252,-301
-618,-689
-662,776
-848,-560
-101,678
-953,-515
247,233
-44,-237
-437,548
203,-895
213,-330
-514,-622
-543,110
91,555
-360,-807
623,-906
977,338
-286,-161
144,-589
-268,-334
719,-275
21,221
-772,742
821,929
828,-434
-929,-350
760,-125
51,-503
492,862
946,866
-668,26
642,-902
-448,-6
-651,352
188,822
192,-865
600,286
235,974
820,-385
904,892
-29,-984
202,894
588,850
-492,511
843,974
554,238
779,160
-667,460
237,-499
831,-651
749,881
-767,283
-795,276
228,232
900,-508
-829,698
544,-698
501,-631
376,899
-305,-194
212,168
-198,-130
-337,-964
674,-704
-463,-332
-949,-55
-150,969
-92,102
-371,-103
-133,682
-454,715
153,724
-671,413
439,-843
396,-807
-524,-185
87,-473
642,-176
858,-731
194,473
-766,-225
-616,876
-104,-518
692,-963
-3,-862
-926,-590
649,337
-361,898
959,-543
833,629
753,963
398,759
781,169
450,920
942,-567
957,-356
-880,974
-215,-640
-351,-585
217,402
74,538
-144,-415
344,462
-891,-732
396,137
694,-802
-880,568
533,-974
-620,-878
-212,934
437,-975
8,513
713,-739
771,92
935,293
-953,526
564,-493
-284,249
457,171
101,-34
-529,-726
-935,-672
-394,-620
701,778
-539,79
685,-603
-43,190
719,-609
692,-545
-381,800
630,-205
247,-458
577,227
-995,780
286,691
823,-919
-400,263
115,-547
-291,747
1000,-913
894,195
-548,-631
193,-237
-146,581
-626,-141
407,991
-170,496
-839,-9
-846,558
-399,-389
-367,914
916,-160
659,-334
-799,-653
-693,414
483,-565
555,38
905,-619
509,-737
307,-132
762,851
-780,125
791,-416
-815,193
-17,568
-280,-819
-11,-539
49,-107
-157,-837
401,-646
-945,258
-871,733
-959,680
-332,197
-983,-489
349,-53
705,-832
925,145
660,201
-670,214
-75,579
-646,16
390,238
349,-720
-693,766
-804,635
342,9
254,13
88,310
-888,-447
-21,-261
-348,386
44,146
-16,-318
243,-349
211,582
366,-342
450,245
-31,-148
983,-336
661,-549
-477,549
-512,717
931,-908
886,437
-392,666
808,-659
526,331
-547,407
722,-478
915,401
543,284
-838,-986
616,-53
-341,471
-723,-110
38,623
511,-283
-574,-75
-114,-312
-617,141
343,-271
394,-737
865,-404
724,-154
-758,-939
2,-465
-685,-743
-226,-878
-133,68
-323,-398
-382,-655
364,465
-467,177
-816,151
903,-85
838,387
-344,-287
20,-157
-600,-311
691,-994
-795,-733
376,568
187,931
-290,751
114,212
-208,484
224,-200
201,-139
-918,-869
-490,511
567,910
938,721
124,-271
251,878
30,569
672,-940
167,624
-828,-599
-372,-822
390,-303
588,-187
-406,404
539,606
971,-951
-749,39
593,-889
-865,717
648,-274
600,-486
-147,95
-90,434
-215,-118
-135,950
-690,-920
549,434
92,295
-676,-584
-7,-689
-669,203
-19,-470
333,-109
321,191
718,105
-460,685
742,714
-9,-257
-556,972
71,379
26,-886
131,-431
27,346
532,-819
-268,99
-22,467
-721,529
316,-978
-490,-94
-421,459
456,-529
-724,-187
589,734
814,-300
497,407
-201,291
551,-412
-177,661
-912,-155
-238,-951
-333,-438
909,-511
503,399
554,-250
480,96
-928,-642
799,-752
-610,-822
-886,-644
-970,465
416,-410
847,-779
-858,-85
797,-765
-435,-940
-614,397
-577,-476
-985,-881
-702,499
274,233
-251,791
-489,-27
61,-138
-423,-213
539,-294
41,59
164,-677
812,891
-330,-434
402,-917
-489,169
315,-872
52,291
636,592
-360,627
-78,957
-318,178
-16,644
-374,945
-650,312
-163,610
-609,-859
-184,-153
910,473
-582,-421
268,-100
563,178
548,-621
58,341
781,917
420,722
545,692
-34,630
-874,309
413,-781
-885,-67
-786,96
530,-563
-459,573
-370,986
792,931
-528,-142
-137,671
820,-737
-888,-539
-916,901
-764,667
-152,130
-101,-139
289,-303
-941,-550
-932,224
625,70
629,-298
783,-697
-954,-581
-645,537
-324,-1
501,-131
189,334
327,-476
303,-786
-704,996
645,376
905,179
991,217
869,-788
-233,-219
469,538
-782,570
-643,370
8,-574
505,-528
274,164
-575,-328
-70,402
-803,178
-994,-426
124,772
-751,505
652,-61
-21,893
-741,-751
-73,157
704,944
350,351
230,130
-619,652
788,-287
944,623
521,-62
-656,-487
-726,348
-665,789
3,216
59,443
-431,-194
-548,606
-65,-273
-88,936
-821,-828
-670,-122
169,376
810,989
-506,-914
-820,174
-120,760
-656,364
-668,562
487,726
111,-786
727,14
773,238
-442,-23
-717,-905
-215,36
66,819
-768,741
575,-892
845,190
-320,579
761,596
-796,283
452,-524
978,-761
934,452
-294,677
449,20
496,132
725,-963
-310,875
965,188
374,-575
162,-803
-959,455
-869,-427
-986,756
495,-62
772,583
278,482
-531,-589
-726,-525
-441,793
-668,-495
311,-394
-246,-292
-438,360
342,-708
-40,-471
698,-212
132,-574
375,-7
80,-880
614,-684
-760,589
634,-569
128,417
184,491
779,915
755,-42
-548,-478
-477,590
-260,-175
617,-930
380,-473
-464,-259
251,-516
-229,-897
727,155
-812,-29
636,-477
-319,100
301,-948
858,527
614,648
-306,-349
798,835
778,348
224,-789
788,5
582,-980
66,-848
963,572
-973,161
-981,-717
-384,116
538,-269
-313,-929
-925,-26
-433,-296
-329,311
-223,703
-17,-140
831,-607
-626,295
723,-395
-871,-958
-262,230
297,-271
-360,569
190,988
-139,936
181,-747
711,296
702,223
475,-613
79,774
19,-893
612,-300
538,-623
442,-538
10,-411
-188,776
919,-189
-243,296
245,-622
-149,-862
449,-376
115,190
370,865
-285,435
656,-307
-567,-751
-873,-968
-745,523
477,306
675,298
-849,-291
355,918
-394,134
871,-74
-173,834
648,675
406,-906
110,874
-619,-418
-889,-387
-239,-633
-320,-112
346,918
623,-122
-419,-198
983,214
676,-298
-721,-111
679,-295
210,917
-105,-279
-580,-168
-803,-768
813,523
-192,-429
-670,776
715,81
-813,521
389,-558
-147,635
-796,945
708,295
-137,-680
-185,-14
386,80
927,874
-497,508
-2,81
-487,-93
-217,-747
-246,-427
-734,960
874,-423
-231,862
571,741
-392,963
-501,-657
482,380
-797,704
-53,328
483,-584
-298,-918
513,-596
-632,-512
-212,587
126,424
-44,-351
976,-45
198,-874
-449,-275
817,229
936,-882
-571,721
-5,-205
652,542
-272,-349
-741,425
-550,959
956,-581
720,255
-220,-824
-478,84
235,-319
976,-647
450,-361
884,694
797,-28
400,-583
-296,-635
-239,-1
288,861
632,432
787,868
409,-59
-57,-360
60,945
730,804
241,484
725,918
206,372
255,-20
-986,-848
-77,301
-841,-695
-190,-111
625,120
-863,-185
-480,-667
-978,-53
-530,296
-624,-950
-428,962
-862,397
972,469
908,569
-961,-46
-89,629
-902,106
-360,-753
180,-221
-146,88
-729,927
-115,894
-74,909
321,-881
-975,-361
-285,-210
-150,-305
272,875
-902,354
-27,753
-227,671
555,241
393,257
135,-751
485,661
-549,445
404,558
149,241
-945,24
654,507
938,914
-231,284
697,201
-743,543
-267,-210
990,-646
204,574
-101,-899
-251,-789
-506,189
782,-306
39,187
-27,-228
-277,256
371,-60
240,563
-40,-152
-816,-56
541,105
-874,657
-515,-288
867,-574
-259,392
-550,450
52,-714
-527,-318
791,-715
-45,-132
-902,-608
-805,0
-42,36
834,664
409,-785
343,963
-615,142
-209,-564
-606,87
772,-419
-330,-861
654,-982
-757,34
876,-875
818,-428
-329,53
829,596
277,-892
-802,638
595,107
152,147
660,-534
-840,-239
457,456
252,476
516,955
-753,69
-763,-538
235,552
972,-257
740,600
-406,161
-539,501
47,-343
-39,-966
297,359
-621,393
-106,-246
749,995
799,705
994,-22
-956,531
-927,649
-260,858
-998,-749
153,-480
-854,-689
-371,714
257,726
-770,-108
-711,-666
-206,-143
37,703
1000,-22
277,-406
-376,-514
-558,-878
935,-63
824,-652
-371,151
98,-366
-413,-269
-317,276
212,-983
670,-349
537,760
619,-202
737,492
998,164
798,-491
280,-985
863,928
849,680
-370,-75
466,-174
-493,-914
281,-669
919,-689
891,-408
-947,-268
-984,-486
-746,312
-851,-325
-884,913
-30,179
-982,578
303,-20
-193,52
-182,-652
724,-436
-127,-725
-913,-573
338,-887
526,704
-203,103
-312,-452
-765,-662
809,-939
317,-57
-942,673
-374,-480
609,-447
448,-276
376,459
-581,87
850,-905
-609,739
621,894
-437,514
-173,-925
844,-694
-99,98
-129,646
230,933
-436,-439
-713,135
14,716
845,-466
357,818
664,441
518,-699
-752,899
-930,-154
-48,-615
149,915
-607,-770
-757,118
-439,30
-241,628
422,932
-173,31
-1,-817
-596,62
-434,508
-599,-688
-473,114
-593,-485
154,298
-356,69
933,494
-502,-881
332,917
701,285
-340,97
211,30
-526,-702
984,-184
427,-235
338,-610
-148,-873
211,61
739,627
-906,-504
424,-507
741,-154
941,774
-941,55
-481,-120
812,579
918,-928
134,-821
-775,227
105,-842
756,-677
-135,527
-898,-183
349,-770
-58,169
-304,-932
-402,-766
-840,63
593,-913
-119,992
459,119
279,-627
491,849
864,111
-782,711
-1,-928
347,331
369,-390
663,437
-631,987
-508,55
-563,-389
446,-687
-462,-788
-359,817
-751,-653
-265,128
-2,-254
605,180
356,863
841,-105
456,144
19,-365
-450,-206
-527,-440
-287,-655
440,-169
-128,-17
135,-13
-592,-396
-717,613
-390,-112
389,-420
-353,581
698,-449
660,-268
-42,-719
788,-821
332,713
-435,-130
950,-3
535,-551
-703,393
772,-248
672,-715
-15,650
-630,-632
-711,-581
488,545
-607,-599
908,651
56,-548
-476,481
770,3
158,737
791,-304
624,881
-25,888
770,-98
-357,-117
-554,457
-1,-611
312,-419
193,-300
-467,-243
223,-784
-162,-539
854,354
621,-645
-395,427
342,-944
-36,-294
-91,162
-257,-981
-179,-564
-629,-229
-469,-195
925,641
53,558
-566,595
759,-416
476,755
833,-431
196,167
467,-43
193,938
-259,-399
-882,-489
-596,-62
-657,-336
662,777
121,664
303,-241
254,805
503,-910
-318,-338
-478,-649
633,-498
313,68
-884,655
-86,-928
-505,-120
-140,22
657,559
-859,-550
8,-335
-651,966
976,-447
81,-142
69,622
-963,-14
-685,202
-623,-975
-679,386
644,-144
-618,-420
-164,-664
443,968
813,-175
543,-950
722,665
-348,618
915,-192
-53,-432
-443,988
-374,790
-447,-598
224,-358
-665,574
-102,844
770,-404
836,359
-429,700
-775,891
657,99
663,837
812,754
328,644
-307,367
241,368
-50,-699
-533,-259
112,630
930,-266
-947,487
-476,964
402,51
565,112
-868,539
136,-640
-189,-676
-273,369
-233,-754
-897,-57
-171,-691
-181,-425
-936,984
935,906
-478,-623
-409,-346
-313,140
968,-818
-281,894
-750,-172
-873,-551
625,953
-36,10
-113,282
118,854
100,-190
196,601
870,-718
-425,589
299,-636
-505,-568
183,-182
818,-747
-135,818
-218,643
-937,-319
277,281
-480,-243
121,760
475,349
766,176
607,-119
-714,-280
166,-711
840,-379
-6,298
650,-771
164,-253
667,991
-174,558
256,873
-136,998
58,210
201,590
-862,-310
532,-448
950,-707
562,646
-886,-139
-502,707
48,-251
766,-544
251,351
742,-630
905,195
719,962
-6,-148
420,957
385,-193
-817,-201
426,196
-263,640
916,215
-61,344
386,-841
445,658
-816,661
749,80
-862,14
-365,377
515,-835
-449,385
-81,-143
259,420
968,-300
189,-836
-290,-998
-503,-999
16,-647
-75,514
-873,-723
-420,738
243,976
44,-770
-651,-994
983,137
804,-775
-325,-113
-908,-257
926,-49
-413,-713
-185,-283
-390,-980
-790,-17
553,676
-409,475
-491,548
-165,-72
-85,-791
-874,322
-559,345
-356,689
-63,223
485,598
-451,847
988,316
-23,-848
-18,198
-330,270
447,-290
937,-873
-815,800
151,-291
-372,961
-381,-867
449,942
570,404
-228,-746
-842,545
-355,-780
-10,-662
-651,-603
715,666
-125,767
778,103
473,-341
563,917
-471,971
-469,38
-431,-148
425,239
798,-344
138,-697
360,-588
791,-589
-259,569
-779,-520
934,599
428,868
-991,-740
-444,352
555,-367
831,-634
-710,-125
639,-498
832,237
263,-18
-902,236
841,684
-540,124
-361,270
955,132
488,-500
326,-493
-122,-570
-811,500
692,-751
120,774
75,747
-792,770
213,951
221,-558
762,451
699,-791
612,432
557,-782
418,149
346,-863
-685,-837
534,364
-133,-412
757,-762
-400,-959
186,165
50,-178
-877,698
75,-598
-976,-687
309,-433
-215,242
185,516
421,3
195,-703
568,-722
812,229
-684,-899
-153,592
593,318
-720,101
981,216
194,-958
974,931
-584,-706
-93,-2
-669,-907
-283,882
6,530
247,717
876,-944
-665,-992
-710,972
765,-833
-72,-127
128,-944
-153,-960
-697,495
766,-857
-815,937
501,564
-812,893
302,-190
130,563
345,542
994,171
-107,233
797,177
-337,-100
584,-499
-658,692
305,-870
-726,-318
927,-36
-77,-300
-758,785
329,250
989,-568
-224,-799
-940,852
30,721
78,699
-464,-635
-839,659
-54,498
-99,779
-230,-418
-573,-383
820,940
337,-566
-848,757
-608,581
-69,-93
-486,-762
937,-819
358,739
-742,-315
500,-748
-915,-907
-492,-152
283,-838
-697,-456
-66,-200
741,431
-522,376
-881,96
-485,-235
230,386
975,-145
846,-934
72,-738
616,448
311,-345
-234,980
713,67
919,294
61,-865
691,-733
-450,53
15,-502
58,902
-817,505
996,-530
637,142
399,808
-866,846
272,756
135,-426
-300,656
-451,305
345,568
590,316
917,-864
-743,-841
495,506
-909,-184
-875,-969
-457,-559
-676,-394
-569,-573
259,-994
-723,-46
194,402
-257,620
782,832
-825,247
-190,-591
933,992
-69,-785
730,147
-955,-871
891,799
-594,700
-12,-478
-656,331
98,-880
109,417
204,-521
-510,-87
624,-907
751,845
-778,-356
-167,-820
481,974
-70,927
-867,478
576,162
-807,35
963,504
327,-501
856,957
-161,322
-281,-421
-859,-870
536,-944
-552,-578
-600,351
339,335
-97,33
112,-417
-747,403
-614,741
-58,352
-638,287
-705,-752
834,-971
-444,352
-103,52
413,-259
547,-697
362,385
-664,-943
-235,275
-651,365
-88,-318
727,131
-581,-218
-766,-381
-204,-252
288,94
-211,619
144,711
-893,-127
-286,963
-703,119
-797,158
-582,73
-745,-669
-195,-307
179,890
-225,264
-284,-736
-544,-492
-207,-882
797,-477
-194,160
220,-747
-837,426
826,-244
516,27
725,-735
-400,-534
119,901
-591,627
-630,-862
352,88
-1,-109
627,62
693,688
636,-414
-670,176
648,377
-492,-355
-405,-880
-607,332
524,-684
828,398
-432,-578
565,-619
904,764
583,-28
-504,-755
972,729
-286,-378
581,691
-517,706
376,-368
-444,-112
976,-811
795,603
-304,581
-722,654
998,467
313,-881
-306,-793
854,-629
77,-76
99,-130
419,-838
-399,-951
789,-506
229,379
421,-440
680,726
690,53
-77,294
-187,698
-874,-349
-937,229
-709,-383
259,-79
-642,-179
30,820
-542,950
175,-81
532,-173
-468,-412
696,259
-985,96
-216,98
455,-8
336,725
618,498
721,85
350,759
-57,497
741,118
-817,-577
-894,480
302,891
-949,673
273,-158
807,-590
829,-588
-599,-895
342,788
275,-97
687,621
-392,-904
-334,-839
882,-372
-730,747
693,917
131,380
-326,767
834,-23
511,492
58,573
-378,546
1,-101
-706,388
-249,461
353,523
276,941
-510,604
-102,552
444,-868
308,804
-478,-3
257,-466
646,393
318,-236
451,-535
-934,-911
827,608
-908,-793
971,-152
-544,-131
-8,780
643,-571
941,648
-802,-797
-710,876
-554,-517
-940,436
-566,-857
-914,456
566,672
269,503
131,-996
827,-907
542,727
-447,576
-58,-796
-669,688
-158,946
-873,385
-598,-555
236,373
820,157
684,-331
-885,598
575,339
-504,-435
-634,476
979,-371
-421,-210
269,-754
777,-846
-300,578
590,346
980,164
510,-404
-644,-113
-521,871
108,-89
-548,144
-177,-969
763,-229
407,-943
927,86
-106,831
214,110
-889,868
688,-509
780,855
20,760
231,559
-529,602
-977,-453
-846,313
-962,-716
-113,-309
629,-668
205,-707
956,791
-190,558
847,-808
820,-28
-37,759
-204,952
-886,-116
825,607
-496,-994
-860,664
-916,45
727,-347
668,327
841,-101
-937,-691
396,-161
531,367
789,51
818,-772
789,329
354,178
664,791
24,746
-679,948
855,519
707,-715
-461,662
-273,-792
779,-385
-241,-387
-737,907
-907,-956
880,-833
-752,-199
830,-98
522,691
-55,426
419,568
-352,940
572,-457
446,-3
555,-25
898,-28
-397,-86
-257,886
-62,-852
-658,119
8,483
855,-987
539,-990
-86,-829
-14,526
-937,715
-752,-693
-666,686
805,415
-961,-740
-148,-487
-658,575
385,-329
880,226
879,725
-286,908
-642,-568
-454,412
816,57
897,-983
989,599
-195,685
512,-649
181,905
775,-512
-886,-4
-226,438
-606,544
-423,-836
852,-969
636,835
-856,783
107,-397
329,709
-415,-848
635,133
425,508
145,-175
639,873
720,135
-407,-68
-973,693
-812,-838
853,201
559,-400
-364,35
430,709
652,531
726,487
-886,-620
-683,797
0,-9
365,-344
-586,372
-156,-293
-950,-62
545,-432
350,513
-20,-275
776,973
977,15
802,-137
-816,-387
-931,921
987,662
-114,916
992,818
-615,-950
-266,-198
-849,409
873,668
409,-519
28,321
76,-127
-123,-290
-992,-260
-932,716
4,-309
-64,228
-364,-639
-585,-493
-901,-56
680,773
813,-58
-893,-493
526,507
-636,-680
816,-34
-19,218
900,59
623,-624
151,435
46,-796
-668,-153
-88,-52
170,439
-895,-885
-874,-646
588,417
-478,-967
-112,852
768,126
535,-138
801,44
-150,459
42,-536
58,143
-445,843
972,-787
-284,-347
63,-464
496,-319
94,-788
669,-976
-265,113
707,-73
306,528
459,189
861,-977
851,-838
-299,800
111,-819
-588,384
-714,-417
243,169
-176,-562
-878,-826
-922,-568
462,646
471,449
211,75
185,650
-277,-980
378,429
249,518
-940,429
-274,143
493,14
-571,-119
284,554
993,945
554,17
-205,365
-904,481
175,278
-756,-146
-327,311
422,980
31,588
-411,-475
-302,-105
802,-334
-955,-251
-935,764
-780,435
-222,-726
771,-555
-114,-608
789,-769
445,869
-922,-750
-338,345
363,-702
905,-216
-676,-984
522,-794
264,-61
-795,786
-72,-890
-574,400
-266,-413
19,698
958,-185
-985,-799
-952,-903
-549,-730
868,-556
-670,-869
-754,350
89,631
-522,474
988,490
-709,-131
-801,-437
-742,345
-417,997
-965,262
402,183
320,-268
-694,224
98,458
695,228
571,-863
688,-382
772,-544
-922,671
990,725
-1,988
159,-459
355,-595
656,227
701,-167
-253,886
511,-733
14,-595
-385,281
-164,-787
159,-979
23,569
961,-867
707,-259
-959,-813
295,-589
-415,-487
181,853
347,156
840,305
-870,320
-774,421
722,-758
-716,235
-241,-298
600,290
-77,-751
176,989
-304,352
-185,-238
420,677
146,-636
-25,-528
-798,-606
215,-960
-144,-531
426,-176
-80,66
-5,-10
696,-212
-718,542
90,296
724,200
-558,12
223,585
-699,-83
-227,-146
719,-176
397,173
324,376
-84,-156
-876,799
-66,746
9,693
350,-492
-24,792
350,-133
181,169
882,310
734,-835
191,-584
618,-310
-953,-634
468,-19
81,751
-374,889
-725,942
-413,-863
-283,431
-499,339
94,515
-191,170
126,-668
-34,-367
301,420
-946,918
495,556
-822,492
151,508
-42,760
643,381
-206,831
138,-688
501,-739
-481,396
-94,-383
-687,-333
18,532
-777,-115
-906,-945
-578,794
-786,69
-724,-210
565,722
800,-189
42,-102
-852,-498
-814,953
-352,-594
-929,-87
-879,-701
-915,611
39,-430
-92,-868
-327,931
-880,-69
-690,920
564,80
-547,-423
401,-415
-750,-748
-729,604
317,893
-69,973
-402,-76
-371,-479
-366,-192
-650,399
455,550
-228,339
-663,355
-432,-736
966,-190
79,-823
-100,599
317,835
468,925
727,-22
701,614
-598,-737
-661,319
923,-363
-541,-400
-353,-99
824,-363
398,-236
905,178
327,806
-112,-649
-748,264
-560,392
923,756
-289,-712
-483,336
67,498
-317,-256
-181,121
221,453
-335,-79
-210,-1
185,-577
485,292
327,-65
-386,500
-49,-448
-608,890
295,394
-314,-118
-579,546
825,244
965,788
84,251
-265,-743
-779,-740
329,288
158,414
382,-896
-518,-923
-302,474
-483,10
969,914
671,-730
-209,-93
-24,-399
-677,-716
-628,-428
905,-48
-260,-858
-173,-422
-493,-513
-468,4
-930,-776
992,-195
243,841
-691,-76
955,757
765,49
-685,-234
-703,-726
336,-20
-525,261
-36,-564
-232,371
-328,-843
-149,639
-18,-82
-73,-828
-879,79
481,58
115,-46
-579,-834
768,-183
-735,632
588,301
-240,-215
736,-435
610,-650
-74,-597
-342,-383
736,-789
752,-419
-745,-669
668,-903
-548,378
885,-146
130,-325
612,542
527,-511
695,-575
-941,175
816,-644
-600,-831
820,601
497,109
-73,233
-91,942
251,182
-97,-290
-119,-986
170,-874
-265,803
-719,-225
402,-399
842,-954
-18,413
385,235
953,71
-847,270
-784,536
-949,857
-615,835
-385,127
954,889
-761,-454
-532,710
-368,124
1,-235
-200,19
130,929
958,-805
-627,496
-168,-368
846,870
-411,930
939,238
-521,-705
378,986
226,-306
490,-221
787,121
-57,561
-774,-202
871,-665
-143,703
878,964
134,380
-195,-450
-340,938
150,-864
-616,-783
451,-262
-796,-181
-946,-445
420,-805
-331,-71
-49,-145
309,-267
130,229
-369,-92
-775,196
-842,724
840,-809
174,-995
-651,-970
517,100
-322,706
798,617
-335,-159
-273,-500
92,-374
-511,897
67,989
425,-346
-725,160
-841,-523
541,-730
-126,461
662,769
-356,967
-553,-104
-744,210
-607,-499
776,-165
344,618
332,399
413,-567
611,-682
742,180
-627,-833
547,384
-829,213
-643,582
-855,-776
695,916
48,45
408,940
-749,179
-613,360
28,-73
-648,83
-124,-169
158,-320
-673,16
-719,436
-819,950
-888,-772
937,-119
339,-772
-402,-106
-279,443
593,-623
4,-792
98,-409
-889,953
-539,303
-628,54
742,-222
-850,-97
-66,-670
-108,621
587,526
643,-979
903,-602
531,-223
-958,-435
37,-487
-432,355
899,592
76,-770
344,-245
632,318
441,-18
-181,807
904,677
-944,261
118,-180
-841,-128
278,688
0,-874
-103,-454
-738,783
-944,-349
-868,331
740,-48
267,-853
612,235
-258,315
959,888
-807,-575
431,21
802,576
853,-856
-875,-381
916,730
-30,-982
874,313
-328,-333
-928,229
-703,-1
732,622
460,786
760,-491
346,-78
-509,974
-615,-313
-568,-532
725,564
-973,-705
983,210
-534,987
934,-571
823,514
148,-952
-880,-896
-18,-432
569,977
-204,954
393,-843
13,-862
22,-151
-203,322
810,-466
345,816
687,-653
-15,168
198,742
-749,569
472,-268
77,355
908,-211
296,-330
21,360
388,-732
-959,-886
-809,-616
646,185
243,-654
-170,17
-157,837
-633,793
-490,-715
-99,807
450,137
33,216
760,27
195,740
854,356
-969,-329
130,-707
413,-417
60,199
-871,416
-236,204
-942,408
654,-209
-182,-994
-670,-778
439,171
-301,902
204,-441
102,-288
746,405
-650,-154
318,-601
-684,-427
-731,219
-608,-145
993,-688
580,-42
669,842
-893,-780
397,739
42,-238
-161,-217
-231,776
-203,-543
231,456
-417,133
961,-895
953,930
-299,-947
797,341
532,-633
603,161
-17,-596
-840,-710
842,-196
-549,-171
-651,884
-195,-260
-49,814
242,157
974,-229
-678,697
802,546
-724,457
-156,688
-813,-900
955,97
116,32
412,924
-634,-211
694,423
969,-166
-93,4
154,-238
494,65
773,364
260,701
-787,-99
-526,-176
-222,138
47,916
865,-833
231,-369
669,434
-333,147
-850,-312
397,63
447,-272
-970,674
858,-413
-547,-778
-590,398
-75,-360
85,-906
-675,393
-389,-94
439,731
32,310
-715,-623
329,473
688,294
-660,336
280,-432
509,-674
45,-756
22,47
-44,697
788,693
964,164
-169,-501
776,740
-784,-79
880,-981
961,219
278,782
946,-365
-717,-518
351,-205
-405,-923
67,321
-124,-649
52,625
527,106
-768,189
632,-774
471,959
-804,346
-530,41
557,587
665,-908
-864,-728
-717,-706
722,193
475,-637
-108,-684
677,310
604,-444
-989,239
-347,878
313,-701
-439,438
-429,912
777,-764
878,-556
-311,928
619,430
-189,-371
426,-885
-528,-960
-7,950
-290,377
-871,751
-25,-819
536,93
-851,302
-518,-237
963,117
528,-448
-700,-101
-276,-57
359,806
-99,-416
930,-585
877,-370
-480,-847
-999,-68
636,783
435,-109
-162,-415
-928,-348
-54,-423
542,-222
-491,810
-821,-307
-446,-356
767,107
907,-25
-239,955
96,-792
627,-501
528,-717
481,-927
811,982
-816,-912
-685,-716
918,-707
456,-216
-147,-495
856,-753
460,710
-739,336
-702,306
-328,282
844,134
-613,614
627,260
-803,591
-591,-517
-896,-473
-760,810
-657,968
-730,-858
558,-871
926,734
-245,59
-50,-198
189,905
294,-321
194,-268
913,-437
920,749
-119,426
794,837
-550,-784
699,29
-760,307
363,-272
606,-912
-705,768
-837,-365
423,-896
856,-44
-925,352
507,521
919,-524
-675,-524
-906,-237
340,401
-783,-484
-151,-155
-561,331
633,-623
115,-940
419,100
230,-99
50,294
-320,-942
-975,766
-394,-69
-744,-415
494,-745
-942,372
839,-439
472,-614
-81,-779
-403,97
-454,-780
-950,112
294,847
135,-382
-499,122
-352,562
377,-887
-849,331
-926,-228
717,-620
-522,145
272,-423
461,-782
624,-645
174,624
252,-257
497,-568
-4,645
-947,-521
800,726
-324,-563
949,-33
-750,96
-19,-27
-979,677
-367,-458
108,-991
810,-826
-319,-4
759,45
-298,444
-261,336
144,-823
751,44
-565,108
-497,276
972,-281
120,880
-439,881
-28,373
984,856
812,939
-132,231
-539,-911
-59,-837
963,717
-934,229
-425,169
228,-260
-474,-486
737,936
378,-13
-381,568
535,170
-225,441
-565,270
-936,422
579,-851
877,-230
-866,856
-401,542
-819,385
674,458
891,-195
695,-511
228,-302
379,-929
696,-344
684,641
-448,-236
106,-239
527,-281
989,-135
-945,-94
115,295
741,287
68,972
668,402
999,-80
-870,-174
60,696
-29,-739
-314,-792
-671,-478
-623,955
670,81
-249,-514
-15,-447
-571,-83
722,-854
-911,189
268,491
-211,348
-727,363
-617,-101
695,-288
-29,-511
-856,-268
-557,-368
374,585
-472,-167
668,-775
-771,-778
-519,-973
-460,-744
-208,-953
-22,-753
5,-805
-766,513
112,718
320,261
-696,-868
935,274
101,425
989,338
-519,770
-643,807
-939,761
-693,-166
-71,-997
-224,-539
851,320
-161,643
-218,97
-431,357
676,-289
-476,-56
681,638
-487,-639
511,995
54,931
-772,470
811,-242
537,-75
-915,-803
84,723
-430,-578
-981,-311
272,-196
353,-521
729,-963
449,926
402,-876
666,189
-268,-114
-787,-315
-602,-885
246,-146
-54,698
-338,-946
333,-896
-982,-312
802,-480
126,910
703,-301
-746,898
-290,427
578,-938
-772,751
679,-955
-67,-565
564,210
405,20
-989,-882
-8,934
-57,-717
-895,685
-114,-787
855,-792
565,393
484,358
-498,-139
242,589
-350,908
-911,-296
-501,294
-260,-795
-804,-529
155,-140
-756,669
7,892
668,-576
622,231
-906,480
413,370
-573,512
916,-11
168,142
489,-404
-380,440
-212,-1
503,578
450,312
-361,-122
538,-43
-570,-138
376,-941
700,-574
158,305
811,96
971,-520
466,769
-936,-870
844,13
-168,-494
-126,861
-629,814
126,965
-281,247
751,5
-459,276
-220,-841
101,145
-528,-702
-367,886
-710,419
-310,-749
-83,-953
177,-961
957,868
-328,-544
-620,619
-944,-864
428,870
-706,-976
752,648
-65,-703
-691,-751
636,-596
-572,318
480,-515
267,-300
387,762
-804,393
293,-722
-907,-830
-811,240
848,-189
-871,-892
-673,852
520,96
-79,-747
717,645
487,65
-514,-310
-940,887
325,729
127,212
244,-468
865,-363
192,-907
-815,-321
-614,-366
-34,-652
822,194
33,-654
-563,636
365,149
-932,63
-335,958
637,281
-958,595
744,544
775,-705
319,801
-815,481
105,-825
-822,28
228,591
70,643
10,430
-810,-554
260,384
-309,938
359,830
-988,-310
26,-793
-592,-512
-671,72
-86,-655
-456,-142
96,-263
-654,-130
740,-870
178,101
-583,-219
970,-446
-457,109
-368,330
-213,-942
618,290
-775,613
940,-481
39,-588
-193,144
-926,-174
-289,-71
-592,96
-272,-984
510,-565
347,-90
-355,-346
940,-863
-906,-223
864,-875
599,-205
-397,834
-932,-151
-807,658
254,400
-230,37
802,-118
-976,-838
237,-215
126,-454
70,-105
-901,-120
-112,786
-626,77
680,621
-774,-569
536,286
-214,-855
620,100
710,269
-713,-813
-247,-354
-577,565
172,96
795,504
-342,810
700,-801
167,653
176,-358
838,-193
-527,-164
-254,184
-534,-889
1000,-31
-516,224
621,405
648,-453
722,994
178,505
893,-119
-117,-55
-549,59
564,654
-289,812
-48,49
-448,-973
653,937
738,312
847,-898
-270,-426
664,268
908,30
445,-433
-292,-499
-824,640
336,-64
-70,724
221,-428
975,4
-577,-735
740,190
-138,-709
-522,184
-96,-316
-636,-535
-657,-782
-864,-987
-573,131
720,-533
-480,-652
-174,-1000
-320,981
907,-84
891,68
-844,-575
769,-539
-202,634
829,237
123,834
-361,484
175,2
-590,357
-943,833
504,846
122,-352
750,520
-340,-289
460,918
620,-552
189,746
-715,440
428,583
852,-922
-997,658
837,684
141,-771
-13,-288
302,-80
983,-287
784,-652
-678,-49
-786,817
-47,733
686,-867
-181,-601
619,189
-496,-742
747,-736
217,626
-347,184
-302,-400
-654,41
-32,-93
954,387
276,550
522,770
-417,81
489,43
-742,-325
553,199
-791,-740
185,-989
830,211
195,-790
844,308
-940,-290
-290,233
-324,-922
882,-259
-245,734
966,369
-447,583
189,-454
508,840
79,909
-751,-914
135,-758
-400,-871
75,-578
-960,174
-93,-981
461,-535
-596,84
-34,87
283,923
-966,-568
179,-735
-195,-982
396,402
705,-815
-620,-808
300,678
964,-133
-779,-216
398,200
-862,-344
963,147
250,929
-762,648
-365,-121
-809,92
-940,-723
443,-234
494,128
160,-485
462,499
155,909
-651,879
-836,-369
-335,-282
-632,-835
-787,872
-313,99
-985,821
-232,825
847,785
-382,-323
-955,887
772,78
-880,-773
407,785
-1000,291
-475,449
769,-76
290,-792
588,-345
-452,629
858,883
110,920
696,-779
-562,-823
781,442
338,672
678,465
591,-185
-408,-949
-268,-332
221,229
177,5
406,-107
-750,63
48,990
28,-395
604,600
782,224
163,407
933,-259
-613,-96
328,-380
-138,-636
431,-549
720,-174
575,-569
124,671
972,-39
-827,430
-460,685
658,-1
676,-327
821,-213
606,-952
828,723
955,-892
80,675
-688,136
853,995
-521,387
872,-231
-862,-125
-299,-246
614,-374
524,-901
208,-616
-194,705
491,846
726,-200
557,998
-906,-471
-358,426
-532,-71
-777,595
602,-771
565,96
-822,558
-145,-677
-401,-817
-480,835
136,517
474,-568
-544,50
-87,-6
898,-146
-530,-556
270,261
48,-782
488,102
507,190
994,976
-536,-87
686,80
693,-220
-38,836
-753,834
-629,17
448,-774
-24,-304
221,-304
593,-440
-692,-916
138,255
-767,820
903,-299
443,-857
-337,302
-910,630
-65,694
-948,-811
-317,-987
-79,937
863,560
-860,-494
889,900
-126,-990
-957,-455
-652,-622
205,-924
659,797
-75,-443
-424,686
906,-276
-691,688
-406,352
-266,-736
-890,-556
-946,-699
195,426
-355,32
-391,75
832,750
-797,141
-372,-61
-53,-449
542,163
-775,84
196,-449
661,34
-344,-721
960,613
-421,489
-348,-931
-443,717
-831,992
-802,-278
-159,163
-231,-202
831,-925
628,-353
764,-309
456,-573
-114,-930
874,678
-588,889
-878,268
470,-274
-726,365
-563,950
857,-819
-423,-420
-932,540
468,964
508,164
-990,-101
-600,-159
-241,-782
-135,-482
980,-309
479,-287
-866,552
145,-269
-115,-533
-499,974
-848,-750
-381,775
-539,540
72,840
10,587
-789,893
-42,-290
-740,490
725,447
680,-826
88,-274
-246,680
-851,310
-267,302
-387,149
547,-255
642,549
-627,332
-699,279
74,-926
-764,-148
401,-943
-762,36
508,-107
-66,522
951,-14
664,-837
599,-274
302,-35
-194,-52
-83,-15
-393,514
-192,-617
566,506
752,-382
-778,296
-356,-816
218,-607
218,-789
-689,996
473,-638
142,-180
-856,311
-765,-48
400,49
-223,-754
619,-364
152,-190
669,-839
-443,452
-265,-736
-822,-993
-428,-839
671,297
371,-360
835,442
999,-842
389,82
480,-24
-927,297
746,733
-10,916
160,-132
-320,962
-885,729
-604,573
-313,112
-794,-421
-465,-217
216,-873
-256,841
-632,-994
926,3
30,513
746,-45
9,-922
-749,193
-882,-747
232,-111
693,-758
619,-461
10,27
301,-386
-287,373
284,-315
-340,283
-534,-571
-53,-874
208,947
771,409
-836,-148
940,-107
868,-795
-823,961
-327,285
674,712
-190,695
61,-707
-213,-336
-77,933
455,-634
345,155
601,405
854,225
-449,-272
-706,-744
-732,-520
649,-289
449,165
-628,463
293,-855
-774,652
295,-40
16,-479
-194,837
-919,-198
-368,142
818,705
-397,-139
-386,861
802,424
-871,140
-651,-295
175,112
302,-17
-449,-460
41,510
754,911
768,-233
-995,-61
832,543
-720,-675
-679,688
-220,-962
441,-163
-116,-27
114,-794
949,700
-918,-417
908,-535
-758,323
360,-604
950,-799
-409,270
103,-460
-467,-255
310,807
-685,581
817,-940
-240,624
-270,770
-648,-315
-651,300
897,812
-914,430
308,-359
-588,758
-497,514
-731,402
-476,-778
677,27
-903,-86
-280,-595
-977,-400
-516,-857
-351,-964
-537,929
28,-92
-511,750
655,-653
83,-731
183,206
-226,501
-133,-76
288,-633
-204,784
-733,-30
474,-235
21,-306
785,-63
-346,818
-953,-201
-77,-275
-574,-881
-261,-750
-598,6
3,982
-757,538
-418,-913
761,847
-690,768
-727,-91
-397,19
-429,58
730,-61
490,-940
844,447
-599,45
-256,-758
-453,157
-66,-144
884,801
-307,395
274,-862
155,907
450,598
302,-987
-709,-675
-392,240
297,-175
-173,-933
-374,-801
803,-539
592,-311
-831,654
-169,723
348,-289
36,-41
92,556
-533,-977
-407,637
-723,-194
-240,-123
-986,-67
-203,235
331,221
65,417
608,480
-505,467
-651,-36
344,463
-52,133
127,-179
-38,-81
-956,457
-602,-965
968,-951
-235,520
-489,840
927,-133
-843,124
-57,-477
-428,460
35,-262
72,-491
650,603
-36,-62
-361,-280
589,-210
549,748
723,-457
739,848
32,-919
-168,-339
200,-298
-261,910
-578,-243
-653,775
14,872
69,965
-85,469
646,413
-629,660
67,855
-460,-114
-666,977
994,848
-63,-801
189,425
235,708
100,678
-804,789
-435,133
450,619
-243,434
393,299
765,926
236,-605
765,678
-983,604
105,311
-868,-114
-41,843
-884,451
-790,821
35,239
958,781
327,734
-89,-779
-445,-843
555,-870
-164,-493
931,-255
-449,-15
939,201
-513,187
48,903
-502,-316
294,907
-403,121
598,-807
-13,-320
-714,-124
247,516
-310,523
-782,696
932,883
-794,824
608,189
-721,436
552,747
314,-258
-779,-55
147,989
-616,214
-427,596
-366,582
758,145
949,852
29,881
-962,937
-956,564
353,-688
-352,897
-287,-968
-651,66
516,-302
-506,992
-46,360
630,-293
-229,-916
663,561
-577,-211
902,216
-183,-473
-836,568
-901,-86
-918,-97
-606,-999
-725,624
-810,974
105,797
-839,-887
832,825
-154,926
-352,286
-719,-593
-749,-975
-764,-871
928,146
336,-879
150,-543
-893,445
43,-357
-768,966
-691,-396
-999,-842
728,-960
-492,-47
-283,-320
-161,987
239,428
531,104
-251,-829
-857,713
676,-688
-548,-345
457,-803
-461,150
638,250
-473,60
-261,691
432,-560
761,-432
618,871
828,-761
-346,83
640,483
267,556
-393,-971
594,-431
-371,-189
-386,-398
268,934
474,678
-329,966
-26,140
-272,415
692,681
-347,-323
136,505
-467,-905
-602,194
-33,-456
891,-772
-363,282
-800,124
262,858
-321,-894
888,752
-552,-75
612,-640
424,671
820,-396
-514,-628
-200,-393
-717,-366
688,786
548,-532
39,-452
259,662
-483,602
-746,-168
419,-545
350,525
-599,-516
766,-74
992,822
-693,-696
507,413
358,-319
278,-155
-356,-968
-439,-780
86,886
495,-137
-721,387
-829,-77
147,-449
-395,-652
-304,-461
316,913
-540,-517
93,828
70,28
338,255
212,129
856,-559
-323,-931
-168,-254
730,648
648,570
-516,16
594,892
424,619
-583,-177
409,704
-381,914
-552,294
351,38
-591,-602
-953,-46
74,-256
-615,899
-859,153
-786,-714
-196,904
775,-561
168,819
-311,-204
-380,-222
-958,125
74,-804
-458,-424
-665,-299
-604,589
-745,-690
-41,-472
-218,946
135,240
-114,558
-19,-387
-760,172
769,54
149,905
-542,156
868,-318
122,774
-289,-747
329,-740
104,-350
39,418
333,-782
-806,-144
-699,356
-391,-470
805,-880
678,-833
-551,127
482,374
188,-68
-128,-106
-492,170
-416,-863
868,-941
-873,737
-527,-895
319,908
330,357
-935,202
-876,570
944,-262
9,747
-419,979
954,-467
803,-452
-759,-492
-371,336
943,-238
-165,52
848,997
342,674
-914,138
254,-582
325,-674
270,-650
-782,-759
-523,393
-955,-485
54,565
455,826
309,68
-243,36
35,243
-157,917
-93,602
712,-822
46,-486
117,-187
-799,-948
-223,-444
316,206
-879,826
-2,-295
-9,-859
-894,371
-740,453
80,-719
103,-762
-493,-513
-256,407
661,498
731,616
-643,-765
490,513
-750,450
978,-393
523,-547
-206,279
-622,-782
679,661
-36,966
-925,995
742,199
108,657
236,-362
-160,939
788,947
-402,-924
220,663
-518,-522
46,5
179,-106
451,617
864,-667
926,648
-828,-776
490,765
580,-265
-882,171
881,540
280,-396
-338,673
230,-323
-498,-340
917,-617
647,391
-692,343
955,115
-792,-507
-966,-716
304,-612
-736,-298
-783,129
230,262
-340,734
691,692
-150,554
-529,-608
599,30
111,-443
-281,-346
-954,-923
217,810
-526,-43
-79,-981
253,-205
-749,120
63,504
198,917
-328,9
-646,867
806,836
640,911
-12,127
-262,-931
970,-227
-130,718
-397,-296
48,-666
-4,-345
41,401
-484,-54
-880,-699
559,-55
-465,449
399,-330
193,-629
-309,439
888,703
-312,759
-424,-353
422,-293
669,183
-836,77
530,-735
947,349
-199,389
-176,514
47,980
-611,622
-450,206
-599,92
259,373
225,967
-441,849
490,-497
-394,-679
-865,-310
-162,729
-663,716
907,-633
-324,-677
-922,-69
-180,-603
-379,775
1000,-450
346,-111
-85,-755
983,-254
436,321
-361,96
-491,395
283,446
-141,-641
730,74
-510,-225
-166,601
855,604
3,-499
582,-777
-373,-579
515,898
-502,-511
486,866
173,201
-880,392
-645,725
-667,-471
565,568
-815,898
237,-847
546,530
-234,-880
24,987
-460,228
19,-214
994,-284
-468,-230
-775,262
510,-634
300,738
-289,168
630,738
958,-24
-755,-99
828,239
-51,479
-534,606
285,-515
-7,-366
580,-377
440,270
-541,709
-440,894
955,777
-551,-378
261,864
-730,481
600,-117
-565,56
-715,756
-420,-277
-586,882
220,-257
-160,-717
670,-536
492,-297
40,297
-11,418
20,245
129,438
-204,-256
-768,672
833,393
-260,-815
-100,279
-921,688
844,44
-787,-795
-431,-27
-313,766
825,886
356,-150
-412,300
-116,-726
380,733
-755,-932
-68,-598
599,-863
-388,-186
-92,726
-978,632
956,336
-680,67
412,-167
229,-851
-146,93
-28,976
67,-656
582,-23
828,772
-609,-747
811,-257
-354,149
-291,652
486,543
36,991
102,744
342,-147
-745,-628
-354,-375
658,100
-711,529
612,471
741,828
-132,30
654,31
-628,177
639,-129
-211,150
759,-41
194,-631
808,653
956,-447
960,-66
-846,923
-946,402
-422,42
-178,-751
-476,8
476,390
-747,-909
-497,525
519,76
-953,-860
-639,939
-945,692
25,211
525,537
-685,287
-62,-259
-911,-315
704,-144
85,225
-647,956
27,111
-751,-322
-258,-60
-669,-663
122,-795
-236,779
-619,185
377,-5
440,-266
585,-924
403,-905
-43,288
-214,-190
-289,-22
-895,-208
-151,-607
877,544
-463,514
477,462
-747,889
187,-174
773,-209
120,826
133,-509
-302,196
-912,-849
978,-176
532,-651
-875,62
-636,-273
142,-910
184,-128
-125,-744
403,266
-224,25
591,-906
-777,431
-872,814
58,371
-44,963
-440,175
-970,-307
688,-653
-847,-947
741,-135
168,-4
349,-149
-628,634
-211,-76
735,-828
47,-631
-199,596
-897,-598
144,6
664,528
-428,399
-280,608
-801,-866
-461,-443
543,292
-389,-264
-178,-837
-216,-519
-311,642
-267,491
-67,-606
-177,-2
-618,-821
848,-92
-830,927
-618,-854
-329,756
-873,675
88,-513
-770,97
-440,-495
-28,629
-753,-282
-687,-47
395,-527
792,436
-287,-17
-706,546
-44,-929
-593,172
797,61
-564,-438
-513,981
103,-432
-336,388
503,-241
-368,676
-119,165
-302,932
-114,-252
627,-847
-707,63
-147,-509
98,-535
-886,144
10,-746
781,-209
298,-200
-676,489
-796,-977
525,762
494,-528
710,105
-946,975
-963,865
-770,-203
881,-239
578,-273
-685,-175
761,-160
943,-182
904,-407
-11,997
114,-196
-669,-109
600,677
806,-864
247,121
-341,520
230,-850
-852,-607
591,659
622,805
305,-852
-11,-989
-401,-164
-190,620
-34,-660
-141,70
188,466
-271,-239
247,701
-657,929
-426,83
-663,1
-171,185
231,-44
-246,-163
-18,-541
346,698
493,935
755,348
-326,487
653,245
-490,-269
-618,-86
250,341
-106,325
87,934
-17,-183
654,854
-857,346
-298,-612
714,-580
737,591
180,563
-428,875
-239,348
-632,10
319,100
617,101
-820,187
118,379
515,628
-621,172
-807,95
-934,113
-22,887
-201,-582
-182,306
767,775
105,5
-69,100
-56,-73
-571,-633
634,353
17,633
829,6
-763,620
491,862
-404,86
669,-60
863,483
932,497
-693,-829
-892,-985
823,-849
-608,-675
-89,-846
-205,-689
142,864
-390,819
76,-210
-691,-199
-946,-518
-631,-350
-371,-160
606,-884
-761,-427
458,341
888,560
-203,903
708,-59
-914,765
-486,-158
170,973
531,-655
-744,-358
-893,430
-283,351
-115,-644
60,-586
731,-286
433,167
-9,354
-419,-540
811,23
-177,700
41,719
-614,-445
263,-140
-775,-29
845,-831
51,-363
-286,728
-498,-41
704,-307
-203,564
837,-322
-337,293
217,335
-197,727
-30,-496
765,124
811,-920
376,-634
-111,-29
45,-180
905,-104
-631,698
-599,-204
528,-359
-901,194
244,951
16,-651
-475,174
-58,964
415,314
-43,-155
-822,690
-945,155
-479,531
517,-487
849,908
289,-338
926,-15
761,880
-863,-183
-421,-233
-478,-829
222,872
-593,902
745,941
727,-366
-304,885
403,266
217,747
-372,522
862,-732
-638,889
-344,-722
-193,676
-775,-106
929,243
979,987
-376,-149
-740,-128
724,-951
-838,-240
-202,-285
745,936
-472,-182
-971,430
-766,745
-113,-556
-636,-814
557,204
175,742
589,81
-893,-237
-785,-141
-756,-826
228,383
-846,105
-961,-396
-414,-811
570,993
610,881
107,-381
832,-29
555,107
651,-515
911,-632
279,636
-754,897
-192,777
-506,-217
-943,354
2,230
-16,265
-644,-848
-389,-989
437,-565
-136,991
-984,628
224,159
263,988
-226,728
-856,783
904,-828
769,-966
453,163
865,-367
629,-474
-535,-821
-241,-314
-304,-25
-771,940
-628,832
912,-518
-838,389
933,-24
-622,-913
-409,125
374,-578
-933,938
636,351
-554,-986
-354,-984
843,-558
541,110
372,-44
-577,970
122,151
-888,-231
-367,260
296,242
841,989
-716,983
-232,-987
484,-887
-732,117
-427,-254
-536,711
704,895
488,720
-97,-42
689,-374
-247,-814
760,-396
-502,-984
959,-732
-774,153
-753,-708
229,343
-939,372
-749,660
916,-930
-842,-700
-391,-179
140,979
-593,-863
-464,-740
441,814
958,659
115,-68
-682,829
745,175
-322,-621
332,-487
-856,41
223,-292
87,925
-741,927
-413,575
275,-886
293,133
-994,-682
152,-257
-57,23
601,-256
-954,264
-641,-759
951,-669
-400,-624
-561,-494
922,-346
71,660
484,69
188,-737
-474,536
-14,280
-16,580
-625,-240
187,-876
-264,-814
790,-655
-289,663
-693,-521
651,-564
-479,-494
-884,772
429,-523
920,-984
116,781
-316,-626
538,345
481,712
985,317
729,-136
506,417
-541,-95
372,-142
-355,251
58,-468
-380,51
-830,740
-349,-609
-311,23
143,-582
207,-53
-778,-914
153,323
-701,406
-730,-975
176,772
954,-642
-852,-426
-739,843
174,42
-427,929
796,-453
-264,367
-508,526
76,286
-525,-186
238,499
565,97
730,559
-437,-379
950,986
-529,-219
-306,-636
795,365
585,904
-343,-369
389,414
-900,232
-423,-31
568,-968
-121,755
-235,276
-196,60
86,154
637,989
-503,343
-297,589
388,-346
261,414
-677,693
-547,678
-49,802
-692,809
-443,-966
813,235
-582,-947
938,583
-737,185
-120,-11
-554,331
-745,-255
-280,248
-56,-950
-915,822
63,508
-943,-990
-802,-320
-820,561
787,915
920,-89
836,-271
-422,-804
-626,486
-229,372
-246,281
492,595
87,894
985,287
656,-260
383,-985
-565,-313
847,-849
403,-54
667,979
815,163
65,871
-522,-646
-423,577
-675,-653
-940,-828
-747,-609
-257,-569
-833,-571
-823,474
-573,-797
-593,-797
-526,925
-197,-836
-319,675
-386,-260
476,-853
-15,66
206,-204
-772,-459
623,-416
-215,197
-539,-334
-253,-199
562,-293
-2,16
-754,-217
-542,616
-735,-733
921,585
-295,-825
900,-623
-946,-139
-860,-724
-915,712
591,302
-863,969
241,12
-463,782
-408,745
-939,203
-788,563
-940,477
-128,-431
589,-789
687,387
810,-920
138,-315
-762,-687
684,-919
-317,564
276,-576
-643,-100
-284,802
828,-353
-526,-860
-394,991
215,448
-600,-590
560,942
890,25
557,656
684,-30
-951,151
918,701
589,840
529,523
979,911
214,-951
747,15
-287,-555
-898,-932
-453,-232
-376,-952
867,-736
-598,800
-27,752
-840,-244
-265,759
94,863
964,-245
-867,204
112,-12
-970,507
-393,473
-229,165
180,-895
391,-478
945,214
874,894
-642,344
982,584
422,-774
21,738
-618,246
-696,-207
-427,609
556,-235
-528,827
360,-180
-308,229
-109,-197
-557,-668
-221,-872
496,-995
813,-162
-642,971
148,-160
-749,-231
782,-715
319,-476
784,-939
-73,812
369,240
-812,397
-882,-214
324,176
-433,-848
-831,-94
827,595
-972,826
296,-63
-338,-247
-873,324
-901,-193
74,72
-138,-340
-144,629
775,58
-707,-75
-957,-967
-761,-965
-883,570
99,-746
-155,664
514,657
-758,407
-345,-406
340,967
-190,-880
-693,-662
-301,-17
332,-250
-933,547
762,-117
946,-648
897,-210
717,899
821,-663
446,-84
187,-736
-259,-158
546,196
524,617
-295,931
-760,743
-600,-138
-418,942
-687,364
-663,-317
863,784
948,-523
830,-509
-418,113
-520,986
-449,922
-811,875
314,-354
-920,340
798,841
-397,-990
-231,607
525,-968
64,841
-344,206
-818,56
-226,914
-134,465
962,863
-25,525
845,-545
997,719
58,44
-449,165
-74,491
-341,-81
781,-843
366,-845
794,-785
-839,-529
-629,-353
-628,771
561,-938
-869,253
919,421
-514,-438
293,599
-857,943
415,-677
839,-980
548,-514
-253,-567
-527,-911
-792,255
-557,-857
927,-837
694,-797
104,1000
311,-276
64,296
-282,-343
-339,57
-292,881
713,358
-85,-351
-458,-514
-670,489
603,892
87,583
893,786
847,912
97,-492
-475,582
368,399
750,-841
650,-981
-838,-142
673,55
-860,-530
-838,-981
-336,375
-412,580
856,-420
-837,-380
72,162
602,-686
881,388
-549,-220
936,-807
174,386
556,-862
-625,-541
912,-482
-847,563
80,295
475,-218
756,349
-564,168
-117,365
-607,-53
-654,-393
854,679
-856,999
50,56
-927,743
-888,-476
990,253
592,204
-308,177
333,-842
-917,-617
-772,386
568,-70
-995,12
126,307
-689,-180
-537,89
785,-40
407,353
517,942
-312,301
809,888
370,805
181,-204
-735,-635
776,513
-145,-282
711,631
365,724
274,16
801,836
-844,-372
-830,883
631,-323
551,-242
746,49
-396,-344
143,935
-588,453
354,832
-104,619
-971,212
-965,472
471,33
-265,45
-118,-289
-322,802
448,690
-439,273
43,-227
189,272
-78,948
-935,-455
390,68
66,-224
972,-907
206,-220
118,229
263,-807
649,336
526,-984
556,401
-3,170
-448,753
-284,757
5,474
653,186
-981,-133
496,924
-659,466
41,-361
681,456
930,571
1000,-581
-900,207
979,590
449,-652
-863,908
-53,833
674,424
-433,-109
194,-775
855,-73
-70,-934
-982,397
279,-25
658,-200
-109,60
268,-214
-770,812
-840,646
865,206
-283,-453
881,-601
888,-54
-765,-857
797,494
106,344
221,-858
-695,-98
384,-910
-382,-261
-172,-24
-346,555
-780,-387
687,573
-123,492
-796,-755
-722,-935
-679,-682
-33,-719
-709,572
54,840
-526,-964
763,-352
7,-790
886,-12
-280,-303
340,-761
-77,-675
50,357
-665,283
264,176
-65,258
-974,-502
732,-491
327,219
-884,264
111,-646
565,757
534,870
206,645
-95,36
-957,283
-257,-655
-873,523
594,915
154,891
771,-473
-508,995
-546,29
-550,-62
-654,813
946,-336
-684,-145
-266,-189
-975,605
-15,-781
302,584
574,-637
243,443
-466,0
935,267
446,-968
42,700
563,670
-154,315
123,-846
-304,269
590,992
109,164
-838,-893
553,177
883,-345
229,-681
841,-81
68,497
773,-744
738,445
250,-853
411,133
547,-199
190,-666
-676,-35
-391,96
625,312
-780,-465
-647,817
-84,-775
-572,789
-795,-542
-662,333
464,107
354,-707
384,620
-454,940
-533,767
231,-650
-326,-961
163,-292
511,-775
307,-613
-529,307
-518,198
916,281
207,-101
332,399
451,437
-76,-298
-546,3
-356,614
-979,-317
-603,-562
-11,-95
-478,152
661,635
-194,796
-916,-882
-786,-730
-141,-753
114,337
697,72
-678,-173
671,-973
-699,20
653,530
244,-811
-655,-807
834,-643
583,-343
-498,41
-858,906
-830,470
933,-736
-706,-465
300,250
72,811
433,14
762,793
563,-36
899,-247
-944,710
769,476
-339,-178
180,204
-949,-224
-586,295
362,862
-181,578
-789,-714
866,835
-740,267
559,770
555,-982
-881,-500
-893,979
-660,473
442,658
-102,-855
-959,-19
-128,-823
913,-278
-968,-231
-479,148
-115,-588
-263,-845
-857,701
336,472
-760,216
605,-159
-197,-857
39,229
-712,-422
-347,413
-341,829
-214,827
834,-922
987,-80
-620,-857
-816,-116
-567,796
-309,190
836,590
430,784
399,-453
-763,-295
897,-591
23,694
524,-626
-442,665
-821,743
-202,-333
555,170
-721,-743
310,158
-12,697
-353,-419
-747,-789
210,-416
-787,-166
-22,684
354,-60
285,246
-49,-480
29,95
736,587
517,184
-692,-293
-22,651
-647,-686
704,-976
76,-286
173,938
-871,-919
-949,27
916,192
295,730
-768,771
366,-410
-33,406
-289,147
793,97
-47,-946
566,652
519,997
-860,363
352,421
-656,-87
264,-727
-916,984
-969,-249
78,-212
-509,303
-476,52
-737,778
359,-700
419,-559
422,-754
-818,624
795,-494
422,-361
320,655
-203,79
500,351
480,274
-620,736
649,-757
-216,349
-269,-376
-271,-606
368,-96
513,628
683,38
-945,272
-922,-929
-922,271
111,-158
-152,733
-384,-763
-907,-515
-760,894
-306,-773
-857,-108
155,130
-508,513
-791,811
-747,-981
383,832
49,375
216,410
-647,-607
504,512
408,-72
88,324
420,276
301,-772
-740,93
-389,675
229,-920
337,-651
412,309
67,-750
-702,449
880,72
281,-121
-465,415
-614,668
-701,-511
-821,-818
-276,582
690,-774
127,11
-80,529
-171,-361
76,808
-188,-761
-386,-377
822,-106
99,906
775,343
-181,285
337,-512
47,848
914,-595
-539,756
-529,115
59,524
161,-1000
116,-377
-330,-400
-835,197
46,494
666,533
-651,554
281,896
463,-755
211,438
462,536
-194,518
-163,860
313,-645
-358,-670
-35,-135
654,-344
-301,-76
-432,-349
-149,-363
215,615
-844,329
48,-258
-367,-194
-280,158
-104,643
-249,881
495,27
-571,-556
-480,803
328,-930
480,791
113,62
-130,-353
808,862
-812,510
-160,-386
13,524
554,478
428,-464
-935,147
-971,714
868,175
-853,301
-571,-849
-91,-788
-335,773
337,923
302,-539
-299,-426
-145,382
19,733
-983,-431
626,509
537,739
-999,-570
466,472
795,-59
-346,220
-244,-307
-813,-723
15,-906
-186,767
847,-920
358,924
-694,523
-510,-586
-833,502
-326,-432
-508,-220
-249,460
730,-797
757,809
781,252
763,17
-169,-893
-737,915
-439,-420
-528,-540
-745,-136
-745,550
-637,-201
549,945
-476,128
-21,-240
-239,172
-964,369
913,78
-963,502
-922,619
-187,-554
239,193
-828,-123
831,521
604,672
-614,788
-925,-236
877,-704
405,-965
-662,889
571,711
231,900
890,-982
811,-751
777,-632
816,-169
208,-676
-668,-29
356,761
805,493
175,195
150,634
526,324
-42,-259
-270,-749
-380,401
-522,-798
328,636
421,230
250,-623
-114,-237
-634,-683
-187,-192
977,-789
738,-376
521,476
514,3
397,-251
-756,-99
845,682
116,921
497,-19
-212,393
181,-809
-786,265
-91,817
434,-498
-315,-16
796,510
290,-438
415,128
704,936
-819,455
541,-109
341,268
529,345
41,-220
-801,-825
549,618
713,-326
521,283
895,291
796,492
-483,-267
-368,-693
455,-135
-921,-71
-232,959
-286,490
274,-274
-608,-613
-400,-551
364,-3
-636,-691
957,-498
-955,959
-377,-983
-274,761
-825,137
-207,-289
528,-391
-325,843
196,-816
-377,541
-424,46
-380,-130
-415,786
-189,-899
-379,785
-459,-169
815,150
164,-855
47,50
-649,503
-61,-88
787,166
243,-133
70,-575
879,-272
963,73
-396,540
-821,-92
166,932
705,784
-756,-995
-312,-779
922,102
584,-35
921,-228
535,231
-338,585
378,-362
392,201
-84,-203
-377,267
602,-340
-697,755
-769,-185
-396,28
-258,75
901,-737
-368,704
-498,-220
-116,-308
-931,448
-780,-794
552,-287
449,-800
-285,-80
931,-734
-517,-972
623,-292
191,789
-1,41
190,231
375,298
-558,-170
672,848
302,-385
295,548
-914,927
-824,-200
988,571
155,-152
247,401
-764,817
502,236
227,250
204,-37
-676,-882
-599,-229
762,-490
-872,-963
-178,196
-203,-614
348,898
278,-300
368,358
-21,-998
485,-112
-164,694
447,441
938,-665
642,962
-604,633
885,214
-232,269
-783,-174
-255,781
24,-297
618,-210
568,-394
306,-958
-825,772
-687,443
-500,-957
246,-760
-767,809
907,978
566,-737
364,703
88,432
922,781
796,-839
771,-321
-321,995
-811,920
979,-612
655,-38
-80,-366
-467,227
588,-748
185,-810
-936,-654
-860,-920
-766,497
-397,-922
426,432
187,-919
-783,-381
-258,165
922,497
-622,118
466,-646
136,-2
125,525
439,826
-300,-233
-276,-581
740,400
-925,-778
966,-682
309,951
-814,-523
310,480
-299,-655
-610,698
310,978
-766,-832
399,803
-559,-624
990,-172
123,-434
-134,-941
-256,-871
689,-665
997,-841
-131,462
-983,238
-882,611
-40,848
-336,383
414,824
-484,-177
-351,-435
-423,-910
-539,433
-108,-416
-61,-340
815,75
-208,445
901,-587
98,704
-454,-228
496,152
629,695
588,-725
150,800
-210,-984
-121,-315
-675,210
-321,-263
-721,-249
235,-682
-383,369
-391,907
271,-250
601,-86
-577,-789
-421,-530
-786,-398
-377,142
-36,893
-193,840
-997,-374
590,955
899,405
459,-591
-612,-565
942,899
113,-840
-90,462
802,246
743,534
-526,717
-547,539
196,134
373,635
391,-397
-129,734
323,-770
126,205
-798,193
-458,-124
36,11
512,-371
-478,743
768,-669
326,104
-936,391
799,-579
-187,-471
-305,-353
-226,529
-482,-412
-554,677
548,-784
-248,748
-75,-500
-92,172
-925,9
-645,999
353,-56
620,-842
962,-89
901,-822
499,-536
276,976
-361,-805
-580,262
-71,82
391,-147
-339,-924
772,427
-473,446
-657,277
358,-385
-868,-818
437,160
-832,-280
295,101
830,-308
-807,-755
-452,874
-729,846
813,57
542,-649
-599,-60
-537,281
-735,536
-665,-210
-925,-1000
918,-717
583,-427
-394,-172
-703,-127
837,-36
380,591
392,802
-760,-796
-41,767
-402,330
-98,449
64,-475
981,-711
-957,-504
-515,209
-223,232
747,254
878,-722
-130,161
63,166
-275,-431
-674,756
925,993
-643,27
280,-664
848,-333
-545,-180
-244,-35
-995,90
762,262
-235,928
36,481
844,818
872,-641
714,553
563,151
-126,592
-310,-305
166,-302
432,66
-591,-267
614,153
936,-324
-606,969
491,544
-945,778
707,-501
808,-941
200,-646
-606,106
-437,282
-134,668
-30,-911
964,-729
-434,-978
583,-114
865,153
-726,85
-446,-102
-823,-311
648,617
-20,-726
965,591
-288,61
363,41
312,417
0,341
-205,837
-771,-919
977,316
-487,-934
-484,751
-859,241
-98,-316
-736,758
519,-924
125,-631
101,-214
40,476
908,534
218,-754
377,-436
565,-768
-842,-480
156,508
811,87
-486,-868
68,684
665,995
478,-498
218,871
271,77
-819,346
36,-185
-10,892
879,-301
26,471
330,776
-527,-6
2,-835
771,-46
-439,-394
-164,-423
121,320
337,555
-376,-893
-246,869
-275,498
-101,329
708,55
323,-848
10,-705
-344,51
898,476
311,-208
223,21
149,-728
-67,-92
745,-709
129,-42
591,584
-166,273
-560,596
199,546
-575,895
-107,-890
789,139
471,-774
958,-711
286,-547
-725,-713
-491,18
644,52
247,-649
-422,-483
238,-834
-655,83
-883,761
-671,664
787,-200
454,182
86,178
912,-539
-716,-485
239,-29
195,-201
-159,-255
-746,-933
991,108
118,-885
-127,-252
374,675
480,524
206,-193
117,154
849,-77
50,488
-653,861
831,230
661,494
604,-882
174,-322
-707,-579
158,-978
758,-210
412,-534
429,-367
439,-818
-645,779
657,-550
-903,-574
-897,338
948,843
-223,-756
621,124
306,-435
842,592
-847,-234
-81,327
103,-179
368,-37
-54,761
-858,-83
-756,-308
-844,-472
497,-244
-285,637
652,-825
-213,73
-83,169
803,-911
-303,616
-557,-499
-866,-683
-489,-859
139,902
102,659
-829,-51
832,539
-320,-705
-97,787
-69,-969
-635,-905
639,265
51,32
-678,983
-928,-80
715,-659
-891,-546
417,515
-240,622
353,283
658,-406
-225,530
-795,728
-765,33
456,-850
574,-60
829,122
474,965
-300,-586
880,-366
779,-129
900,-316
-500,-746
-849,-45
-673,-975
-167,-818
184,483
317,-911
71,-868
678,-471
57,-63
963,120
918,-612
-863,628
-931,-457
644,616
542,96
-325,-713
-170,-186
627,169
-863,610
-8,492
347,-658
-597,794
-61,-964
34,517
-900,346
558,-456
-951,-409
-822,568
-276,-922
372,-156
-604,178
416,35
125,647
-663,22
216,-327
533,-702
-347,-692
979,-117
-825,485
-640,-620
-538,335
-98,625
531,-902
595,281
930,899
748,291
900,-466
-483,982
883,151
-954,630
164,232
396,960
521,33
-814,-206
849,516
-888,-610
255,-473
-835,165
714,-434
-1000,-194
37,455
97,84
-668,126
-207,-129
-444,175
-367,-1000
447,472
-397,421
345,331
-975,-378
40,-237
-415,-225
-125,-800
-207,470
466,193
-541,-895
424,-588
418,-59
228,-395
258,941
145,-133
134,394
-246,-581
725,-436
-553,340
-216,-262
-31,456
599,520
473,752
-865,-271
-772,-240
-554,-41
478,-82
-873,765
-884,202
588,748
256,453
-235,30
-114,-549
75,-810
-597,-901
-404,229
194,867
325,-85
339,-322
27,636
-736,909
-54,327
-82,686
236,-858
-39,-211
-765,-529
990,817
907,-264
-145,315
114,-606
-23,977
371,80
-974,947
-257,-503
67,-147
694,723
-53,-864
739,95
-532,-785
476,855
-554,81
8,435
925,-806
259,-801
563,-609
900,798
284,997
-819,-239
575,900
734,885
250,-276
949,678
720,71
427,-852
-929,-765
519,-359
-803,786
55,-537
847,-32
242,857
22,486
-221,-909
-397,585
21,-770
92,715
-499,999
-832,-528
-373,-182
443,280
-264,-410
637,-755
544,-846
37,81
-544,558
788,-262
58,947
13,869
-705,-377
243,482
-302,121
-175,-90
535,-5
985,178
797,977
-238,847
533,-489
-325,-838
-670,183
495,-867
-568,-767
909,661
343,933
81,-621
-687,-336
102,26
-424,734
819,-697
411,579
-587,480
-208,-371
-117,-940
861,-885
-341,300
-985,698
-391,685
714,292
936,879
-909,-707
785,695
641,-79
810,-820
-333,967
3,-237
-398,576
859,-320
-397,100
748,166
519,-91
212,14
-422,-719
470,478
-47,-522
-756,-209
589,597
-76,-462
-638,-402
-428,729
-414,-179
-504,306
-44,-619
-908,74
560,-814
876,737
234,773
-464,-315
-373,755
786,-182
746,-126
581,-318
-458,652
-788,-514
-845,540
-801,-417
840,-438
-440,857
-854,-149
-711,182
958,197
240,819
-662,398
-696,272
534,493
-836,-829
278,-646
-668,647
-214,-888
398,369
-705,-67
327,-982
606,-477
815,-700
477,785
-754,-817
98,-438
375,701
987,-747
916,776
-501,-366
-542,-911
626,-392
413,958
-576,274
-433,-499
-59,172
769,617
-242,977
-172,65
-940,-397
910,483
578,973
759,-105
-38,-239
-67,564
256,325
-856,14
369,928
907,482
567,575
552,-31
-1000,903
-964,-551
-50,68
25,-596
62,-294
-244,-862
-756,-932
-903,-654
26,-715
-487,346
-371,-637
62,760
785,-80
-994,-756
-715,-902
860,-998
730,-929
-67,119
-789,167
-687,-334
687,349
645,-132
14,-672
333,217
-27,-207
750,393
-875,380
-804,109
-271,854
329,-24
-131,551
903,598
203,-985
-526,484
349,755
439,36
-153,-15
-244,126
-247,-95
210,904
821,267
519,771
-560,365
-782,-708
-432,-238
301,760
-870,-943
397,-55
214,436
404,-617
-139,-110
502,-926
-12,892
-563,-369
190,946
-463,-870
-606,932
-371,133
-756,712
-775,-561
-36,-904
-236,-971
680,516
-501,-923
870,496
738,-661
955,788
-381,129
-937,-540
-328,284
607,387
505,-523
-546,-28
-639,418
-972,-257
66,481
-527,379
350,824
-655,159
-93,-164
-771,-368
-532,81
-993,88
-967,-44
-618,919
87,-282
516,-963
-941,-410
892,-648
-638,911
876,-771
-793,648
492,614
-347,983
-51,-241
-936,-801
108,670
-870,-106
-643,-775
-327,805
274,353
-906,632
-267,539
-747,-111
729,-700
-350,-812
235,-261
341,-457
505,944
-26,-494
-499,541
-398,-718
-872,-591
-387,780
-157,251
-617,-579
-672,366
-178,-778
-596,622
-236,-89
418,27
-129,-365
-813,-727
-892,171
-21,-429
43,960
212,711
-595,80
856,-339
-115,965
-604,543
649,-755
-886,-767
905,-151
-605,-883
-29,237
576,-63
-550,823
363,942
-183,-684
-276,-581
-973,-137
-218,-681
12,494
-516,93
19,-786
866,-18
-218,988
-316,613
684,90
808,-651
631,-874
-994,-255
-329,-512
-125,933
960,231
-151,-201
31,-839
105,218
93,857
-378,-543
-325,117
-215,827
688,656
-699,-965
304,-129
618,-915
719,569
544,600
-287,-477
153,-548
169,-19
-750,-842
-903,244
-230,555
-394,762
179,-364
955,-742
-329,-566
-928,78
-793,-111
598,-306
873,199
409,-965
491,397
-738,-51
533,172
309,-244
-836,-655
-592,906
474,-422
-569,367
347,673
214,229
360,736
9,345
225,11
-574,-707
450,198
-279,-981
-202,-940
-685,-181
426,79
512,520
-847,-846
434,989
-793,-917
-623,-827
990,786
-760,884
-244,368
274,955
-422,258
724,-562
-497,627
981,321
358,-624
-170,-154
-48,163
859,888
835,-996
626,-758
-314,200
-69,-168
765,174
-215,-977
618,352
-97,718
-4,-886
949,-272
647,595
4,101
328,-753
842,842
-296,-639
-673,-750
628,867
853,-712
-888,-503
14,606
793,802
908,-334
-845,536
699,-673
221,-715
159,399
377,978
-679,-839
792,-71
588,368
618,-736
-345,-42
668,-31
975,-85
563,788
-997,-601
-692,-494
-71,-201
-562,187
910,851
-147,-662
781,64
480,-298
-262,-658
356,-353
-287,-505
-632,94
-790,-891
-872,-919
-700,-966
-574,-789
910,450
-260,769
-359,-85
-649,-974
818,297
737,-2
-933,-721
-845,733
-997,284
925,589
-224,-532
204,84
-819,-246
-708,132
647,-893
409,499
-612,329
800,-337
491,183
-216,381
-817,87
533,334
597,447
-511,721
-872,-818
-221,868
-896,-408
-789,962
21,647
46,-870
-774,975
809,634
285,693
-709,-143
938,801
-696,-625
848,403
-375,582
686,950
713,64
899,873
-26,464
-487,336
823,-891
-262,-894
460,297
244,515
-120,-251
-518,-866
-995,57
731,810
372,862
393,-397
713,-346
913,505
581,-888
425,331
-457,661
165,849
-966,867
-816,-607
-123,-737
-884,518
305,-187
802,819
-753,47
833,768
-492,-471
119,306
-969,840
334,126
-275,561
514,920
-74,-820
674,-941
226,652
-95,618
-29,569
437,-909
820,-311
164,991
905,-669
-421,-930
361,844
-927,-80
-9,-833
-371,570
-815,-217
-194,-497
241,686
-222,-472
58,-95
651,-686
-380,-926
833,566
-80,-904
666,-404
-347,-477
-623,-561
901,-114
815,-972
-509,-488
-858,807
-245,-8
718,698
-655,-705
-349,82
746,460
23,-364
497,310
-425,378
728,324
-166,-103
986,828
43,-879
712,-574
-409,225
-899,894
184,139
-362,-731
-470,-224
-922,159
-943,-676
-381,960
-502,-426
-37,-467
988,111
-644,673
-592,455
645,180
812,-458
942,-323
-131,-344
-647,-525
-449,585
-286,-350
-665,-299
-869,632
212,-521
96,935
500,-910
-433,-830
-991,-958
833,-384
-196,702
576,577
708,572
-588,387
642,-578
917,380
-889,-798
-313,-532
-944,133
-72,899
447,-353
496,320
-111,365
188,166
-361,-641
851,-187
-776,720
-494,-1000
98,-138
-867,681
347,-635
206,-407
-118,-904
370,-764
787,350
655,937
42,-382
-926,65
-335,7
-406,554
-942,-901
870,364
614,-808
-852,-687
-143,-570
251,-699
-364,-232
895,-691
-961,90
-247,-112
-530,-419
977,658
-106,709
105,-425
-517,-158
38,273
389,-872
970,-66
-736,739
-192,825
915,-586
-620,998
-358,780
-868,-266
381,-621
330,-476
729,-240
-66,943
501,483
996,-611
239,694
-490,161
596,555
682,-879
-502,17
-423,63
-770,416
887,-270
659,-157
584,617
-509,-973
148,-353
-208,16
-922,-12
252,95
-419,-926
158,-79
961,-180
82,438
-193,-600
-341,-132
-372,-582
-166,763
481,445
805,-207
294,-129
155,-848
-456,296
-498,-778
-726,832
-733,-867
118,-133
378,361
846,-274
447,-498
-951,591
-204,692
-169,-700
-779,969
-22,-739
-545,227
-904,822
-786,-515
-343,-514
-207,973
-722,118
974,-395
-248,490
-175,378
-244,645
100,106
981,443
-60,-315
-497,-777
222,-639
-491,852
-358,772
-641,-418
464,901
-676,-663
7,12
750,-171
-749,-260
738,357
72,216
-492,-377
72,-676
-391,-181
973,904
882,-698
-310,915
-222,-96
65,-422
732,440
440,-818
-959,123
658,-690
-914,734
-855,-627
198,-45
211,-810
-669,-900
312,215
-358,958
382,374
-941,803
730,-943
235,-568
-771,590
-239,164
-760,-878
482,42
-222,-472
-193,-554
345,-830
-516,799
-609,-131
-296,-572
507,-383
-133,-990
-48,-564
236,502
997,804
140,513
-227,510
771,-363
580,17
-881,727
-258,750
-456,846
780,-475
920,-990
218,-744
677,789
937,333
799,663
389,785
905,-641
278,769
-994,-43
-71,214
101,-863
-526,966
-935,-245
266,972
-164,-521
980,-470
-387,831
-339,-967
668,-391
858,-860
-612,-863
700,-374
94,29
761,206
-706,-727
989,-367
886,814
709,307
-624,-835
830,718
760,394
757,570
725,-763
-928,207
-837,978
255,-347
-294,-518
-632,777
-733,542
695,-513
-308,194
407,-806
67,843
450,764
-635,-810
-365,-894
790,442
679,908
6,-989
-749,510
585,542
548,555
-242,424
154,-392
85,-501
-58,48
835,89
-444,-371
-228,954
694,296
-502,430
-852,929
236,-558
-404,-849
281,-832
453,-124
-752,-501
960,-115
899,739
-334,-182
481,-136
730,520
-270,293
258,418
-558,-952
693,-793
-173,-963
-261,-847
-933,187
323,294
10,-900
-326,-998
-30,671
586,936
-554,-479
805,296
-172,436
-44,-617
835,385
-147,223
14,134
-984,712
-761,510
445,-31
320,-804
-462,-172
-144,928
-651,170
39,-736
-281,-323
448,-193
-733,-921
861,-240
716,-862
-716,661
743,-89
-136,85
423,-124
476,-366
426,-845
27,8
-802,189
562,-529
481,-708
802,-945
441,-101
309,382
607,395
-245,245
-552,-192
-893,-371
493,941
613,-692
365,961
-799,404
-25,201
-37,-958
-82,-89
164,28
938,373
625,-290
-555,538
651,697
-89,454
-481,-269
287,673
419,-797
94,-997
413,-792
147,-248
973,464
312,-271
602,-78
196,672
-417,975
772,766
-986,583
123,823
-150,796
-215,-434
86,-402
723,507
527,877
-251,645
69,864
371,509
29,-346
-56,-987
796,-479
545,289
865,-272
-258,682
736,84
733,75
-821,-984
-426,140
-960,171
333,-506
-774,-853
374,-354
-413,853
775,-505
401,36
209,598
448,-516
548,849
148,363
940,-419
-95,63
764,162
264,511
782,-55
-960,-469
-407,817
-360,-613
703,-502
768,435
283,781
-296,77
104,843
-316,-273
145,519
-241,485
-867,763
-196,204
915,476
898,442
281,935
-336,650
-549,634
-472,-962
-871,421
943,-395
209,948
23,597
-587,363
-583,155
-70,907
34,79
131,61
264,-479
509,-78
33,-36
263,-753
-640,770
-848,325
-832,-847
51,256
-981,534
-769,74
467,-56
161,532
-198,243
178,-345
-451,-976
634,229
-788,-818
866,-545
-719,-162
226,867
273,896
333,767
-311,-950
654,47
281,429
871,354
260,226
-253,-533
-211,259
730,-550
-778,667
-960,-934
-185,-772
-117,442
56,480
857,384
700,-646
-696,-56
-653,285
-756,359
955,406
-818,-248
-958,-683
495,942
-905,-733
-622,-444
937,-916
582,723
-652,625
-340,-288
-19,-46
695,123
639,-547
-666,-745
446,-36
42,342
-531,-979
682,924
847,-634
519,982
-506,-166
365,-482
935,189
88,855
61,-76
-16,-486
-997,456
554,810
456,-734
-128,649
-238,387
858,154
475,-404
-882,235
505,-299
169,230
-206,402
-82,405
322,368
-14,-571
829,-431
-512,-978
-893,580
718,665
-645,-772
-249,-500
-358,679
-57,-963
-927,-241
267,853
-794,762
507,63
-732,449
352,260
-103,362
493,-449
-946,-598
-697,155
-815,-253
-894,-723
-700,-13
-194,-449
-977,-509
545,37
-301,552
714,393
-926,-44
466,-653
-88,-136
-485,-376
-112,-376
-273,669
-75,-122
-628,-883
25,-269
739,603
-898,-2
-3,832
484,9
573,278
503,-871
-21,268
-36,-818
108,167
756,61
168,-371
429,-350
936,925
-694,-550
805,857
514,-769
671,-495
658,845
-104,113
123,598
-490,749
-347,861
742,-110
439,560
-852,-92
41,657
579,-627
946,-247
-568,-672
764,444
-106,-473
-309,-34
42,132
373,-298
246,473
-571,958
447,-568
782,-937
-724,486
590,-872
-684,434
894,-493
-770,6
-136,397
526,-520
921,7
-330,892
-563,778
-553,-768
-683,-518
-209,-328
-233,448
-375,-849
107,132
-83,944
-214,338
26,18
495,-821
-853,644
42,876
37,2
-261,464
-893,-32
-633,-208
68,-817
-733,-969
385,607
-435,587
-169,-562
-799,-919
538,-326
265,-467
651,-64
474,412
-686,453
75,468
248,-40
81,751
-774,-427
-895,-232
-831,-408
-671,963
-998,528
660,0
757,-670
-985,596
-411,546
396,-826
-164,-2
-761,536
653,534
10,-974
-267,-142
387,-997
-824,581
652,19
621,-466
812,128
423,321
-450,527
-346,342
-117,-277
-726,-255
741,-440
575,-589
-574,-841
-247,836
-34,157
-493,-383
-741,-621
-841,630
767,-765
985,361
-332,997
537,387
466,-280
-745,-733
839,196
823,531
-212,406
-2,276
349,-372
-508,937
839,-934
196,-772
-546,690
374,165
145,361
728,884
-557,994
-879,-235
-693,327
330,-923
51,113
-334,-302
37,-521
-831,334
798,799
-597,763
923,-365
359,-697
144,461
-966,816
700,-131
-930,171
340,632
844,782
-98,-450
-832,-207
-662,-700
-808,56
358,-729
545,-268
-764,-552
164,231
-72,-179
-887,-110
-244,326
811,948
875,184
-567,32
994,-584
-543,643
-95,694
122,-405
883,953
721,634
-57,861
-939,-332
12,920
917,735
-51,-871
31,706
-816,102
641,827
513,-48
-743,-358
467,-447
-763,415
-483,-70
-855,843
-875,59
830,-609
-589,464
589,36
374,679
-558,-637
128,-449
-956,490
106,255
337,149
-952,958
-27,-224
149,217
-512,-33
917,-504
-515,-465
116,510
-263,-237
887,354
210,-299
641,-364
721,897
756,-107
792,-153
668,-584
-308,426
713,-643
-954,811
-410,944
-723,-319
298,-996
502,64
-954,885
276,786
-824,-947
-766,39
54,410
1000,596
-370,328
671,-620
687,-738
-85,978
318,909
-552,-790
864,35
-119,585
-970,30
739,-985
317,-413
597,-992
639,665
641,-677
549,-70
825,165
585,-101
-678,614
-612,698
-812,808
-497,429
-28,150
850,-376
135,364
-355,-41
988,-647
-208,776
-660,635
-285,-112
-976,-787
-420,-820
-562,11
-750,-318
-173,110
369,927
-745,-789
226,-947
979,526
321,65
-299,671
385,754
346,-490
-251,-758
104,-201
-106,-441
150,768
648,674
-342,538
-1000,561
-304,-167
-329,-103
-57,501
-671,165
-196,470
465,-706
-736,-923
-986,-433
406,747
-450,817
648,527
966,-145
-96,605
510,232
-359,-799
701,183
-504,554
-576,-573
-192,-713
-103,-999
-9,108
720,407
842,402
1,-885
817,27
-853,-207
27,490
-475,706
27,571
-625,440
-466,-765
-297,-660
-984,-633
-794,37
341,-146
546,-854
903,525
-297,-731
454,205
-938,-121
-259,-870
287,165
593,-588
687,420
118,982
-269,515
-503,444
-167,689
164,942
-11,322
802,-993
-69,-956
-663,885
926,-565
537,-320
-576,653
326,936
488,-145
633,237
-867,-142
-853,-886
-724,-295
-469,-843
987,211
-814,913
-607,729
-176,497
594,275
371,-308
828,-934
565,-747
965,-542
7,584
815,-402
-44,755
870,15
58,-938
490,133
794,20
-758,431
716,-132
57,-290
-489,-128
-432,21
552,-673
863,213
-952,295
509,818
48,-439
210,-520
-276,-395
-320,988
-983,661
-790,831
-484,522
825,-489
-748,808
-427,579
-818,623
641,535
712,-390
-248,104
-602,-740
-32,589
-579,631
-262,-980
-263,-983
444,-133
-650,899
-912,308
800,-780
-786,-286
970,-171
146,-732
-19,984
-463,338
682,395
-365,381
714,-111
635,666
698,957
-470,-336
517,653
237,132
-358,345
363,302
729,89
5,-442
-573,-141
280,-962
-270,-979
-343,404
736,511
-914,254
-150,-798
-785,385
23,-294
805,-933
249,-113
-401,-528
322,-14
-615,890
-83,-616
165,552
301,825
701,826
-544,-697
449,155
685,-605
308,50
-207,333
181,869
568,-636
865,614
-635,-44
-289,-478
194,663
188,-429
-572,-986
227,-366
368,584
-524,-165
607,-572
-763,880
-373,163
390,588
716,41
577,681
522,-551
-920,955
-308,-412
68,-59
530,772
-217,-47
-218,903
156,311
865,933
291,513
-216,716
771,-700
962,114
639,690
289,751
-469,-261
-694,806
-564,-425
-493,974
-569,619
628,-692
789,672
977,-57
-943,125
-614,-55
231,-55
-307,-547
580,-13
-793,-989
-455,120
314,363
-804,-771
-801,636
-836,287
717,-363
9,115
510,-909
213,0
247,375
-33,899
724,518
-371,557
-948,-166
-477,75
458,584
70,208
-647,-448
-656,-999
91,760
514,318
-727,-617
253,767
-949,496
906,697
31,-599
558,-840
556,120
-739,-142
-225,-32
667,-636
203,-148
-949,-136
-862,551
880,-195
925,-185
586,-621
852,761
924,144
-489,205
817,-780
664,885
-761,76
217,977
-918,12
-680,612
-838,-101
-871,-733
1000,-248
961,775
-349,280
645,28
-840,186
-301,694
-927,-964
480,973
-670,337
201,-390
97,-316
873,499
180,-928
-859,-956
-525,421
-783,754
-553,-937
606,-496
-696,-212
-654,441
279,-651
989,455
-833,892
469,469
-962,-230
-450,901
180,-946
-969,697
-541,-351
-940,694
-50,-29
753,474
725,921
727,780
-685,562
333,-211
652,726
871,807
-648,-279
960,-15
-862,894
-920,-508
386,-383
-651,-855
616,-521
509,938
-780,315
34,-270
835,-793
-814,462
-722,55
557,-948
959,-721
751,-715
-586,836
-829,-595
-725,664
-734,-105
-7,-825
850,379
-857,857
37,-200
148,-254
-568,-665
173,-293
-684,671
342,-722
451,-926
594,-34
704,-362
122,136
976,-198
567,-360
960,399
-140,224
923,903
74,-369
-667,210
-766,-923
765,830
-115,-837
498,-137
407,926
904,-409
791,779
-300,-745
-818,-843
-708,-995
-698,610
-350,-82
-841,-379
-317,-699
-816,-253
511,-983
718,-168
292,-719
842,456
-180,-974
-700,581
-886,905
-733,375
343,-443
624,-717
226,-390
896,512
306,598
377,318
-667,458
765,-210
-370,521
-30,508
493,313
928,295
538,608
996,615
276,348
15,-21
-762,812
-722,-733
-37,594
606,199
-906,-870
-258,2
503,665
312,-304
-402,-675
-582,445
698,-105
850,-880
615,-168
-642,-726
-449,-897
-628,-68
-117,699
914,481
931,-824
-437,254
169,-624
-709,-713
-98,452
-418,-551
-704,-176
-636,-947
-669,7
542,702
-146,255
-97,552
-441,841
-358,217
-651,-113
-216,-767
666,-520
243,578
296,-194
83,464
285,446
669,-875
628,-109
643,-294
-93,780
465,-54
-144,64
-82,938
-274,-785
-678,-666
-394,-280
-324,619
-513,110
-389,-119
-724,-401
-891,461
-838,-992
-365,521
-787,839
-188,-981
241,267
-797,-422
865,-436
-563,-632
-480,-278
280,-184
545,-163
157,556
-827,-886
200,-376
-849,833
-698,-518
-626,12
348,-293
722,910
-39,-92
709,780
-979,-915
-105,-831
-662,697
-706,-424
-632,68
33,-38
-202,-227
-27,197
405,-743
259,264
735,-675
-840,-624
-448,771
-898,458
-346,-136
-661,744
-592,-550
22,900
377,601
870,0
-64,-956
192,-668
-369,389
687,408
-727,-670
-897,-5
62,-942
-123,-252
189,-113
-765,398
671,328
759,200
-961,-855
-485,-8
-189,196
-358,-304
404,-341
476,869
311,-802
160,768
327,475
-171,-522
868,-400
-683,-214
119,65
-923,-882
-357,-926
-992,872
208,957
454,488
-606,881
-53,706
731,-130
682,-465
-348,172
-972,757
258,368
-566,-685
791,807
547,-349
393,-199
902,548
-268,108
263,-77
454,512
775,712
811,421
857,-61
325,843
-663,411
-752,-106
-990,747
-244,-354
431,467
171,-711
-772,-656
-670,-596
-907,-571
-923,-15
259,817
-889,250
-233,421
-756,-244
370,-756
-372,199
-917,771
-702,-392
939,990
884,-192
-115,999
-161,803
-564,868
-811,80
-124,234
519,-726
-691,552
744,-339
997,-715
-84,924
171,344
229,332
-408,-133
336,-886
800,996
439,-614
-635,-263
-277,-75
32,-854
-982,-416
469,-685
-396,146
-417,309
514,851
-665,482
683,-671
-696,671
-382,-277
564,-608
983,-449
-385,333
137,617
696,931
758,382
-853,-250
791,-980
-235,-509
-641,-962
565,336
661,-599
-43,530
973,-413
392,384
363,-65
-924,-725
868,360
-322,878
796,-967
211,-774
-419,-652
243,-381
433,525
-52,934
-19,-219
-703,484
-194,-870
-167,-393
-607,952
-306,-222
388,-201
600,276
288,223
-988,-943
685,904
-41,-110
-115,29
-924,597
-980,-282
-564,-718
76,-701
292,537
119,-959
-900,178
458,-674
-400,7
599,-458
249,641
-603,211
567,-877
522,-641
768,4
-209,41
-937,291
-290,692
-944,-935
-189,-854
556,-433
374,-904
950,356
742,-289
-533,-909
-377,748
817,-223
-845,-768
-35,-626
-908,-442
75,274
165,573
19,840
-647,262
608,819
-363,578
299,-474
474,339
794,317
826,73
-903,214
-129,947
619,-287
59,-925
196,-61
497,-3
-142,547
-25,-246
468,-454
-744,514
718,549
166,216
950,403
380,-497
876,-74
497,-978
-317,-850
760,-263
474,-616
338,-261
681,918
777,-698
576,-134
226,-768
581,-522
169,-430
-848,-115
-99,925
-615,954
-740,-530
-652,293
-503,99
-998,960
888,-297
-741,-593
-358,-352
-4,650
794,-405
898,503
-578,-687
326,-612
-997,620
93,176
-916,-13
282,-603
801,123
320,-831
-902,-593
-295,378
102,623
-668,184
-398,857
582,115
-769,-147
-30,808
863,-626
222,212
874,531
363,660
640,-919
859,-349
739,-469
479,874
-472,777
-74,529
381,856
-999,-22
-243,-789
79,920
96,748
-476,-147
-294,156
197,-873
-446,-542
-235,590
182,232
-577,-24
966,905
293,-958
28,-797
926,-197
-533,-385
-643,-33
719,-472
107,746
-137,-601
-215,-288
-313,28
-352,474
90,-818
35,187
4,-17
-989,-465
-195,-380
-419,-619
956,-728
-803,246
-904,573
356,-674
169,-860
-200,-829
-586,-357
301,-973
-768,-218
-892,-4
-85,-627
-506,110
-490,-861
-513,804
-489,299
-625,586
-265,214
-221,436
-136,-9
728,709
707,166
205,353
239,-941
-294,-684
-690,-931
899,103
-471,52
312,334
-519,669
-369,463
-33,321
-887,-10
481,156
-248,782
993,657
470,-596
-145,-916
-897,972
60,-994
-254,-422
349,325
-662,-705
-771,-467
-581,805
-393,-866
-622,538
-828,190
811,745
-999,-462
884,197
117,-732
795,-607
-228,456
442,456
356,-387
-513,-337
879,-196
-576,-316
-809,-809
122,905
363,-923
-160,985
-420,952
309,506
-393,-932
-7,700
258,-32
-158,800
567,987
-121,-967
-950,948
-111,276
-637,139
-265,808
957,102
541,-977
-489,292
375,-852
918,341
-536,762
-330,44
458,-304
684,-995
-24,-5
-49,725
-984,-383
-232,-367
-501,366
206,-403
857,399
152,190
-904,-489
309,-923
218,-278
-97,-107
-997,-425
-150,-320
896,-819
-536,-909
498,-217
540,78
579,-788
824,-312
-710,782
880,-393
849,-264
433,332
-146,453
432,-743
-54,323
-577,295
-631,810
607,205
602,-7
533,-258
-875,533
887,296
-964,401
-947,-327
-670,841
849,215
115,978
-58,-101
632,401
615,-92
367,499
437,828
287,158
-573,-887
741,-209
-998,-262
846,-291
499,749
927,-196
269,-730
546,-227
-817,238
-866,-829
-153,751
757,767
-259,-614
315,46
-569,-918
692,-703
584,315
-138,-478
981,996
-421,225
309,87
-252,856
17,-561
707,758
-763,320
-144,-716
-476,958
830,-710
-384,-855
-519,-729
-459,888
454,-516
678,-98
750,848
-977,-271
12,-818
-448,97
-643,840
130,403
-981,-340
-175,-719
806,-791
-648,-164
849,-809
-561,563
294,-566
-721,88
434,225
336,-622
70,250
436,901
-824,375
-366,-406
-858,-792
429,-219
394,-125
-823,-68
955,-185
613,-82
-772,-273
7,-655
-581,-988
301,679
-759,664
609,961
-562,-149
56,-519
-747,357
343,701
504,105
454,-182
-205,-798
-737,-882
838,395
-229,-877
-224,248
466,-905
25,-473
-388,-160
-196,453
-958,-745
815,-724
136,7
248,571
415,955
-574,914
383,99
302,566
325,382
-210,311
433,-796
822,666
-955,40
-48,-334
-100,-726
-957,-276
47,-827
457,978
-274,-50
-619,562
-219,-947
90,-691
-588,-198
883,-748
-429,-797
-62,427
976,596
-599,911
753,255
107,-472
772,240
181,-114
945,498
183,604
-704,993
298,-224
-911,917
-126,742
856,-626
148,-823
-750,-759
758,-259
511,-104
-637,82
-582,439
206,945
-458,-27
358,-271
-480,836
-368,-875
-485,231
676,538
-50,578
876,230
770,508
-715,998
730,-709
268,473
889,208
-308,-679
-300,-616
957,680
436,-210
-747,819
-908,-913
80,-886
-782,-424
696,812
-132,-94
-494,577
108,565
-239,739
410,-724
-392,-570
203,-843
-787,-638
589,315
934,941
489,496
-323,597
243,-893
538,-87
160,200
221,-123
-278,-423
275,-88
563,-668
-746,46
-241,-940
305,829
-949,-79
-599,-299
-777,990
521,-476
647,930
755,124
-818,179
-205,676
242,278
-709,219
478,-555
693,517
946,38
-883,942
666,-782
19,-772
-954,-801
-381,605
-451,-828
448,-229
266,537
310,-469
868,632
-941,-72
493,332
292,178
-978,819
344,-402
-309,-88
-789,-485
-121,924
-188,-806
800,-297
295,402
-422,-272
-717,-326
-825,-547
278,627
-564,328
-451,-782
-967,-808
381,279
844,-521
-814,-201
-639,189
-501,674
535,37
-918,374
630,715
511,-357
-561,604
-990,625
-974,-740
-548,757
-669,14
119,-871
-412,873
-561,924
-953,96
756,772
393,-223
59,959
503,378
-571,-570
-190,622
-290,846
42,58
369,715
-593,70
-122,-632
-726,89
666,-238
832,-290
-437,-419
-824,-372
-462,769
72,-622
-559,-207
556,780
202,-230
-482,-990
-330,-93
-155,751
-904,417
-676,800
730,632
483,-913
-159,-851
298,329
-857,986
935,588
-81,545
-496,541
-450,-854
290,-516
613,-70
457,747
-47,-71
884,-954
-908,-18
458,-469
778,651
278,479
817,-930
-942,103
189,-878
82,-619
-273,-521
-932,10
-491,-169
554,314
-142,98
-253,563
-702,-588
720,670
-985,-52
567,752
-719,-722
604,-170
325,61
-298,-551
275,-291
-547,-175
7,-865
-270,-953
583,-861
535,-994
632,-360
-533,94
-241,-646
-10,-483
841,156
-906,-726
-59,-144
815,-560
-340,-718
43,-329
561,-74
-209,-732
529,-635
-905,740
300,-856
801,-354
-648,549
464,653
986,-159
-833,-658
749,568
364,369
539,164
665,-485
-423,558
795,-45
741,993
222,351
46,-29
213,839
-421,-215
946,803
-726,-581
-566,-430
925,-418
-301,-85
766,626
-325,-835
-971,511
-506,493
-276,726
-604,-170
-933,-546
758,-939
-172,-930
903,413
300,-65
-369,-511
711,387
562,-345
472,614
-349,850
-888,326
341,42
339,674
942,-897
700,-908
-229,804
238,360
106,471
-347,515
-42,714
312,756
-506,-953
944,224
-942,-342
21,-984
-493,-193
535,-51
488,404
-876,402
-899,543
733,82
-999,251
550,477
983,-646
-446,574
-81,619
727,244
472,-44
342,-325
8,327
376,467
753,701
336,-113
167,-138
946,270
-443,-337
461,-650
-349,-662
913,353
-765,-431
-392,390
-778,805
791,-814
143,138
890,0
374,651
891,22
-133,72
-820,-526
809,-165
-330,346
398,725
98,-341
94,355
676,223
659,711
172,-313
378,541
11,-589
525,886
410,145
-50,402
-233,126
-745,-10
-924,441
-723,-947
262,686
-811,-565
645,464
647,-988
142,-395
101,-679
638,-558
-147,296
817,-801
-109,281
-476,-892
-907,910
25,241
-527,-810
476,518
-49,909
240,-174
554,-41
987,901
-883,-254
374,-987
-960,699
432,-800
-99,285
-657,549
421,930
590,228
-648,296
802,416
48,799
-916,-997
-200,800
893,-299
-870,-22
-112,-431
-13,182
513,404
-11,-815
-632,775
296,864
-937,765
95,294
189,505
-547,759
-470,-452
-627,-323
-518,54
775,18
1,413
575,-991
-919,-123
-472,950
-651,-270
-441,-539
-241,432
-461,532
-596,593
-3,-844
-1,-631
967,-313
261,536
939,631
-283,-963
-592,65
19,-667
-874,-308
-995,866
-645,468
-83,-898
525,516
-975,785
671,837
-99,-851
-23,143
-734,-355
632,-549
305,-34
-240,898
-798,-776
-733,115
-692,556
202,260
-239,605
395,470
371,-9
465,-198
180,639
697,-545
23,-278
663,-599
-206,720
-70,946
-986,713
17,832
773,-712
-706,132
-213,-286
-362,990
-296,535
553,32
668,742
-630,822
-68,981
294,-680
-382,527
442,604
-242,-804
-733,439
22,706
-730,916
-621,-405
764,727
280,-462
206,-110
974,315
-158,-132
281,244
839,447
823,-270
769,-195
172,92
-502,562
-934,385
-591,-294
627,408
900,-429
-940,-710
-950,701
993,615
4,-785
-777,723
620,-384
447,-900
433,453
-227,-254
-319,-442
-683,-598
804,631
-799,508
599,377
-902,-402
547,431
0,728
951,-2
460,-102
775,627
748,252
14,759
872,387
-46,-919
135,-510
-396,743
58,-552
379,-912
519,282
-237,-870
130,925
-726,831
779,-206
-397,970
-9,-625
287,-159
53,136
-961,-986
-967,817
-675,-148
747,873
-252,-120
-397,756
333,573
23,6
287,505
945,388
774,206
-893,446
865,303
-71,397
-602,981
-753,-866
283,-417
442,597
-343,-727
-963,699
618,503
-575,-904
156,-422
209,583
-535,936
-187,-180
-337,-645
212,509
583,-818
-183,997
60,-482
-514,818
-345,-32
-75,194
-834,763
574,304
-947,-551
-620,646
-559,646
599,322
-635,607
-405,325
-362,-537
577,-586
419,977
844,-553
580,193
890,-725
-602,758
-709,83
-316,-201
733,623
699,-448
617,-792
155,447
-690,71
784,536
56,-73
881,-113
309,-476
489,-227
-128,955
588,-512
33,366
-704,-919
-900,747
-726,-952
323,307
-702,-937
598,393
-199,545
185,272
-419,-818
356,252
176,-963
-630,333
-322,8
318,88
489,564
901,-67
710,747
-784,585
633,231
-339,-542
728,-796
865,-696
-845,601
-287,214
-28,437
-401,684
-781,445
567,-580
241,640
459,1
569,875
624,-218
524,-225
-732,14
-852,503
567,809
176,-542
-429,976
410,-907
-79,-359
-806,714
802,862
-567,381
-290,948
-807,776
-348,594
-185,-639
105,-928
-471,556
831,-528
-654,-914
-752,-590
-904,-832
-440,-60
598,973
956,-465
343,-310
353,365
-162,992
-137,191
158,372
-726,-960
-432,-294
-845,-639
-419,-415
240,-988
-401,353
-859,-336
325,870
-643,664
548,-510
-500,-983
802,20
850,-531
12,943
748,-283
108,388
221,-439
-374,-162
466,-153
415,644
991,-98
-975,-852
522,-726
993,276
-981,726
994,-411
505,-79
-763,651
-693,237
723,732
-830,505
523,131
486,196
-186,-989
-706,-886
741,-464
-143,-284
714,991
-977,-317
-746,863
288,-163
556,55
161,-784
-818,-87
957,455
281,117
-224,-4
-610,-72
-838,603
-333,-445
908,-267
-896,-970
-482,-39
629,331
938,821
895,80
708,-857
62,520
-316,93
-139,-471
-829,-29
470,-795
266,279
-291,-162
-441,59
-894,647
-289,-870
688,-747
807,-988
917,352
-928,663
-196,378
-608,433
-842,-605
430,-445
-581,-225
927,623
327,-255
480,998
873,-232
16,459
745,-645
-466,331
-197,337
-591,-59
979,-620
826,294
206,233
861,-79
70,786
-162,553
876,-158
-136,88
78,-151
-790,916
617,-451
766,-495
-571,-409
66,181
-871,-936
474,323
177,772
559,130
-745,-379
967,351
149,-119
103,-84
-963,254
-94,-915
-373,-115
984,-170
889,-367
260,-479
-569,-113
424,837
-996,198
91,250
95,-684
-590,171
-802,-868
-115,515
62,402
870,518
649,-484
-430,-479
-173,118
-233,-469
-351,300
522,314
-96,247
751,484
-443,-842
954,-212
419,-15
-753,672
321,393
391,568
-106,-792
324,-776
-940,681
849,385
-619,-177
-442,122
-573,373
-665,-741
-108,770
-839,-175
-349,966
-968,-480
-985,-426
-241,568
382,500
852,-666
-368,-271
-806,434
-961,-257
-670,-428
968,-402
-247,-567
-72,603
-805,302
-471,123
-1000,-840
557,-652
74,-943
-308,909
367,-16
381,-910
882,446
-796,-652
198,146
-697,179
392,-211
-935,-915
-995,-355
57,462
-986,-872
-653,211
-249,512
-134,-758
58,713
-972,-921
912,-320
-271,694
-369,418
141,880
546,-392
-151,-759
706,636
395,54
-919,-268
462,-434
-500,852
-437,908
-179,324
-835,421
4,-27
-796,403
735,225
696,0
-997,-467
413,-721
285,385
-722,-932
912,-21
-658,-572
301,-250
-805,207
771,443
-950,-979
67,-533
75,930
268,648
-930,820
254,-310
-875,-681
-172,-24
299,471
573,790
-557,-984
-636,-812
177,-477
-823,-845
831,-921
37,-322
-548,-477
-130,629
836,-524
180,-104
-164,680
-552,-920
285,372
-152,153
347,358
37,-254
-726,-73
941,739
21,125
-609,382
-21,-501
-86,225
-253,39
673,-954
453,752
811,893
124,-420
996,-955
-244,-260
675,231
16,395
-507,-555
215,-97
947,124
-662,-484
-818,-636
-129,221
969,-290
626,649
-120,133
-939,-841
-92,207
-768,799
240,-931
-222,-474
200,-950
825,956
450,-51
572,770
862,554
-814,-290
-240,-290
927,785
-918,841
-184,-393
454,938
-415,-554
-699,665
-302,113
482,69
-622,451
589,303
609,508
-504,-942
-642,603
-683,91
286,-889
176,394
-752,8
-925,-827
-937,384
793,345
190,-304
-384,-258
58,179
672,175
714,337
-399,-604
-154,-59
550,18
471,-725
111,-192
-703,171
-542,-108
353,-529
986,-970
91,514
-143,473
-800,625
-189,-311
-325,-369
-439,-541
573,616
585,626
26,400
-936,-454
-943,839
917,-164
-303,538
-155,-572
-974,-56
-800,-775
82,-513
784,368
209,642
-980,-930
576,928
-948,-42
-355,-755
798,-664
-908,-733
582,951
154,898
-285,-427
543,161
-187,-642
235,61
824,514
-581,-67
-947,50
858,-692
-175,-246
-669,-875
-113,-80
-597,-123
-231,-910
-449,433
816,-526
-387,334
-678,1000
309,648
-307,646
693,241
-533,719
692,-126
705,186
-444,-113
634,10
165,816
386,430
974,-462
225,-269
861,887
-145,569
443,998
431,-537
-287,-607
873,-35
-857,132
106,599
992,399
-613,-685
-904,615
136,681
-420,-233
893,-972
106,-460
500,-707
-262,-645
205,978
-896,-367
24,597
360,-235
-382,-498
-631,-665
825,158
44,990
-67,-483
-873,606
255,-871
-379,-252
948,-3
-673,-511
919,247
703,775
828,-908
73,78
-959,588
701,-48
-945,-630
-756,-798
-756,-195
919,827
159,-691
-357,395
736,-842
-227,-783
618,-198
284,189
-540,630
-203,-6
-726,149
-118,-380
565,-813
-649,-483
-221,815
416,-59
-78,-375
881,154
368,-413
-675,-848
-708,-308
12,464
-147,634
207,665
628,-251
-405,-855
-896,-2
200,-481
915,-419
269,133
-94,-480
-636,-879
210,-119
268,-824
-510,407
-803,-741
-455,-285
-717,582
-997,898
347,-750
640,-395
-449,850
-255,-224
-815,115
335,688
-613,-641
201,-442
57,916
934,-786
149,-279
259,840
664,-712
-788,-341
545,-494
389,-286
-632,-595
-262,-792
665,842
995,116
-158,184
263,382
849,891
-917,405
764,452
967,146
-579,189
-529,-498
-929,-534
-739,853
-685,709
878,20
-676,-385
-494,-292
686,-634
423,-869
523,-986
423,-244
115,693
521,-153
-574,-518
602,-178
272,-620
-766,781
-54,-7
800,-874
790,-837
882,-747
-91,632
-822,715
556,808
928,-522
-276,-403
101,836
-493,712
793,-980
883,348
582,-909
-976,489
482,978
899,-215
191,-250
-513,997
875,716
-818,938
-797,208
-124,697
587,-586
465,963
-780,-503
925,321
-217,422
-223,898
-404,475
346,103
-208,186
912,-670
-59,-526
-814,-791
693,-952
-830,91
884,902
-833,-718
155,83
-76,380
-407,787
783,-324
-224,474
-906,-612
746,439
-756,-154
899,80
725,-5
-41,996
-107,-215
228,645
763,386
-706,956
-75,764
85,-647
133,-922
-272,-24
247,-545
699,664
548,523
152,-888
37,240
520,383
-305,-310
-353,-831
896,498
-623,327
469,703
-122,901
-84,892
857,296
-98,-381
-414,-543
787,-898
805,-99
484,306
537,-188
292,-150
-967,417
45,284
-435,-320
-197,61
-523,-7
363,394
375,-89
354,-283
-322,495
177,354
23,334
-325,-569
141,-317
-382,16
-122,-606
364,620
-653,-841
901,-562
2,652
-623,-487
424,57
222,-612
954,693
776,333
554,-848
198,-203
-842,-766
-195,-375
-729,615
782,500
802,140
-241,-994
-481,20
-567,430
-802,898
-841,-91
30,-173
-341,512
324,-580
-81,649
818,935
289,-667
-660,-995
814,226
120,982
-618,-132
292,723
65,358
133,-945
-327,-519
-837,965
-433,790
768,524
228,894
164,904
695,-405
-635,-471
402,-117
-518,329
59,358
877,-366
195,779
-511,504
218,844
-23,45
-26,-28
336,379
-341,4
-966,-753
511,-5
829,466
258,59
393,643
-7,944
214,-247
-77,-190
-681,618
-425,592
895,-150
161,-683
-950,363
-138,652
211,-784
965,509
-41,-254
-714,799
832,-308
527,-959
757,50
-630,128
-770,664
-44,-482
-514,488
590,-698
-415,544
694,-436
593,-340
-137,88
113,122
-834,-940
119,220
544,-320
-224,-494
-591,-885
-326,360
63,517
-444,240
332,272
-87,301
-839,-415
-783,262
340,-835
144,-824
-605,-908
-245,308
-976,-204
-169,-506
-513,-539
-446,243
-196,573
-2,-435
930,869
-154,958
-126,357
-554,-258
415,-56
-633,652
397,736
-494,-623
992,719
671,-869
-961,924
-316,-688
-848,85
871,66
451,374
273,-161
806,-264
-144,-211
-253,-212
-904,865
-741,-348
-361,382
981,-810
582,-299
856,-409
146,-914
-134,-747
-925,-738
537,656
-254,631
902,-749
748,797
314,259
-139,-456
-422,-580
21,288
-629,-810
-756,50
124,778
382,581
-654,-745
652,-176
-869,686
263,958
-789,-335
224,-783
943,378
705,679
778,537
197,990
-594,922
850,-228
231,513
-235,-66
-173,171
336,17
-841,-453
310,749
755,59
458,163
-301,-261
-235,55
300,-813
-780,-748
-973,-411
-81,374
-535,-87
871,662
453,-766
-674,316
473,-518
-908,920
236,-456
-156,-422
642,-383
600,-232
114,161
-947,275
563,-208
-483,306
-840,417
853,528
975,973
-227,-883
-896,332
-750,-948
-815,22
320,518
-341,652
854,268
715,275
32,-27
-314,697
108,-779
842,-637
-357,-502
-514,-665
-851,-903
562,102
942,-507
738,843
121,-459
-138,800
-880,-516
94,-128
116,-359
-248,245
472,-323
-186,-84
158,-60
517,36
-172,-732
795,-882
790,996
178,533
-561,-517
193,904
129,-851
-385,-931
59,-289
47,-312
854,428
447,204
-416,125
-463,-907
-568,423
-261,-52
363,-271
-671,-324
-876,720
884,-522
433,206
-341,-455
536,-664
360,472
-40,-750
518,-269
-1000,366
-736,-465
375,-971
-703,-206
-776,-327
-972,29
496,687
846,840
-873,-296
-931,636
374,747
-611,952
-568,692
-24,878
-763,-305
-625,874
524,711
603,451
177,623
-79,504
200,985
-667,-527
1000,-105
-141,783
355,744
-816,542
-66,446
